Timestamp,Long,Short,Avg Entry Price,USD Balance
1720137600000.0,0,0,0,100000
1720138200000.0,0.0,0.22000000000000003,3056.376205918296,99998.90590530791
1720138800000.0,0.0,0.14999999999999997,3068.1240338827124,99995.35731514754
1720139400000.0,0.0,0.05999999999999998,3071.9936919201687,99996.13089518469
1720140000000.0,0.0,0.25,3069.9216916513656,99994.98543611697
1720140600000.0,0.0,0.32000000000000006,3091.6944768084973,99987.641017091
1720141200000.0,0.12000000000000006,0.0,3102.9904781316404,99984.2196011755
1720141800000.0,0.15000000000000008,0.0,3104.628187710637,99983.53279345627
1720142400000.0,0.0,0.29000000000000004,3090.9916890090294,99983.71246653711
1720143000000.0,0.030000000000000082,0.0,3080.115828904761,99985.92666095689
1720143600000.0,0.32000000000000023,0.0,3077.458166091609,99985.05130941905
1720144200000.0,0.8300000000000006,0.0,3087.468390632389,99987.44084514462
1720144800000.0,0.7700000000000006,0.0,3093.4197183192005,99992.08098069548
1720145400000.0,0.14,0.0,3080.405881394027,99983.58122453491
1720146000000.0,0.3200000000000002,0.0,3068.833325717862,99981.1511240294
1720146600000.0,0.06000000000000003,0.0,3062.8691265625002,99979.04061019335
1720147200000.0,0.0,0.7300000000000004,3056.7198209894077,99981.60949673738
1720147800000.0,0.0,0.7700000000000005,3051.2469324890058,99983.84591871305
1720148400000.0,0.0,2.0300000000000007,3013.724108679302,100016.74804493059
1720149000000.0,0.0,2.0799999999999996,2955.6007586735495,100142.85226991866
1720149600000.0,0.0,2.3199999999999945,2937.136639904934,100176.25211972036
1720150200000.0,0.0,2.7399999999999856,2929.8765569657044,100188.93481449387
1720150800000.0,0.0,2.719999999999986,2927.501222421432,100193.45219384381
1720151400000.0,0.0,3.1699999999999764,2922.119871084599,100205.86387901207
1720152000000.0,0.0,3.3599999999999723,2919.240574877812,100212.41029861095
1720152600000.0,0.0,3.7399999999999642,2919.46348880011,100210.41873677803
1720153200000.0,0.0,4.989999999999938,2906.641931416029,100237.81790705459
1720153800000.0,0.0,5.0599999999999365,2894.6176281245644,100293.59219613028
1720154400000.0,0.0,5.2499999999999325,2896.2944395780364,100285.45444437595
1720155000000.0,0.0,5.519999999999927,2895.9647886391026,100285.57163878284
1720155600000.0,0.0,6.119999999999914,2890.925831911111,100303.54448924481
1720156200000.0,0.0,5.689999999999923,2887.1864592302613,100330.21657785069
1720156800000.0,0.0,5.319999999999931,2888.9258507979416,100320.21398408584
1720157400000.0,0.0,5.959999999999917,2888.5881215420086,100320.95122202062
1720158000000.0,0.0,5.789999999999921,2885.2898869435217,100342.70576235808
1720158600000.0,0.0,4.589999999999947,2884.941328885078,100344.29430088868
1720159200000.0,0.0,4.619999999999946,2886.9238852956864,100334.82503617517
1720159800000.0,0.0,5.519999999999927,2886.5605690753982,100338.73735886517
1720160400000.0,0.0,5.689999999999923,2883.992981504215,100349.36912092249
1720161000000.0,0.0,5.679999999999923,2881.208021650109,100363.99997311896
1720161600000.0,0.0,6.099999999999914,2873.900168001865,100397.33980101036
1720162200000.0,0.0,5.989999999999917,2873.6228951009903,100398.56229001693
1720162800000.0,0.0,6.459999999999907,2871.6398958396817,100405.25860811755
1720163400000.0,0.0,6.709999999999901,2869.4203439548105,100417.32323624523
1720164000000.0,0.0,6.119999999999914,2868.944790985699,100421.45874227953
1720164600000.0,0.0,6.399999999999908,2869.3649046154396,100419.38199731328
1720165200000.0,0.0,6.649999999999903,2867.6389242864857,100429.522034177
1720165800000.0,0.0,5.84999999999992,2867.2462011818443,100433.95668060839
1720166400000.0,0.0,5.659999999999924,2868.6656717545275,100423.40105114163
1720167000000.0,0.0,5.889999999999919,2869.682620916918,100418.59913674169
1720167600000.0,0.0,5.869999999999919,2870.641064242472,100411.4645481691
1720168200000.0,0.0,5.759999999999922,2871.0732389262507,100407.48601976728
1720168800000.0,0.0,5.9999999999999165,2871.659767056048,100404.13617413626
1720169400000.0,0.0,6.369999999999909,2870.261108431878,100408.72145749157
1720170000000.0,0.0,6.489999999999906,2868.562992142658,100416.54431211678
1720170600000.0,0.0,6.969999999999896,2863.032895871422,100440.09284596889
1720171200000.0,0.0,6.849999999999898,2858.7061678963582,100474.30603544273
1720171800000.0,0.0,6.179999999999913,2858.1739660973094,100475.77387712145
1720172400000.0,0.0,6.3299999999999095,2859.89755473738,100466.38739639525
1720173000000.0,0.0,6.269999999999911,2862.8099717209907,100448.0156932423
1720173600000.0,0.0,5.969999999999917,2864.462576757641,100434.2462923999
1720174200000.0,0.0,5.899999999999919,2867.4341186366187,100414.36193151705
1720174800000.0,0.0,5.499999999999927,2878.8489660737873,100336.49264152738
1720175400000.0,0.0,5.81999999999992,2886.3462028147287,100304.94665001155
1720176000000.0,0.0,5.729999999999922,2891.822775482466,100269.65911407874
1720176600000.0,0.0,5.769999999999921,2895.8930210026306,100246.83975797822
1720177200000.0,0.0,5.899999999999919,2898.5020020463903,100234.05363369975
1720177800000.0,0.0,5.559999999999926,2902.160656612269,100205.02820533929
1720178400000.0,0.0,5.319999999999931,2907.8534179704557,100166.18801449073
1720179000000.0,0.0,5.049999999999937,2911.0643085310367,100140.36380310188
1720179600000.0,0.0,5.0599999999999365,2917.5393903397844,100107.67581385431
1720180200000.0,0.0,4.799999999999942,2922.3792492842517,100076.95978495927
1720180800000.0,0.0,5.039999999999937,2925.7976622146857,100065.61187775175
1720181400000.0,0.0,5.2499999999999325,2927.934751005567,100057.82919369462
1720182000000.0,0.0,5.039999999999937,2929.2063774730177,100047.88204266992
1720182600000.0,0.0,4.989999999999938,2933.275067751466,100026.22173612424
1720183200000.0,0.0,5.549999999999926,2937.527813494373,100010.42658960036
1720183800000.0,0.0,5.589999999999925,2940.034795106318,99995.76214933989
1720184400000.0,0.0,5.959999999999917,2940.5226140824984,99993.0717219326
1720185000000.0,0.0,5.989999999999917,2939.3868138893627,99996.79605926701
1720185600000.0,0.0,5.809999999999921,2941.8610687291844,99980.10034625784
1720186200000.0,0.0,5.35999999999993,2943.4443616509766,99961.93241077523
1720186800000.0,0.0,5.509999999999927,2949.4533280933983,99931.08186455985
1720187400000.0,0.0,6.039999999999916,2952.968619203543,99919.39742236515
1720188000000.0,0.0,5.879999999999919,2954.8544521440613,99906.44874887756
1720188600000.0,0.0,6.28999999999991,2956.05399758735,99899.90455069028
1720189200000.0,0.0,6.639999999999903,2954.696480197273,99905.97261890488
1720189800000.0,0.0,6.839999999999899,2953.3340477325964,99913.02746166386
1720190400000.0,0.0,6.559999999999905,2952.491811986625,99921.03875893266
1720191000000.0,0.0,6.269999999999911,2952.7611727883786,99918.3738472018
1720191600000.0,0.0,6.389999999999908,2953.531003885293,99913.64821598798
1720192200000.0,0.0,5.659999999999924,2957.7241399352515,99875.96411730151
1720192800000.0,0.0,5.659999999999924,2963.174771108316,99844.08882290205
1720193400000.0,0.0,5.289999999999932,2967.6309492382798,99810.19536347462
1720194000000.0,0.0,5.279999999999932,2973.7458307172774,99776.23668494797
1720194600000.0,0.0,5.269999999999932,2977.7539428305313,99753.3828546384
1720195200000.0,0.0,5.329999999999931,2979.1665333890564,99745.19622236174
1720195800000.0,0.0,5.619999999999925,2980.520106474798,99740.27782825715
1720196400000.0,0.0,5.599999999999925,2980.6691452834325,99738.0972340783
1720197000000.0,0.0,5.709999999999923,2982.5384359900536,99728.86027814241
1720197600000.0,0.0,5.749999999999922,2981.511614325188,99733.96881539589
1720198200000.0,0.0,5.649999999999924,2980.457234082253,99740.29786936103
1720198800000.0,0.0,5.979999999999917,2978.295745108668,99749.372808196
1720199400000.0,0.0,6.229999999999912,2976.6081488390373,99756.30587296865
1720200000000.0,0.0,5.899999999999919,2976.8870814847073,99755.00624422605
1720200600000.0,0.0,5.82999999999992,2978.0301328992705,99747.84627179317
1720201200000.0,0.0,5.659999999999924,2979.02429883361,99740.46648462783
1720201800000.0,0.0,5.569999999999926,2979.8324683593823,99734.80607546425
1720202400000.0,0.0,5.429999999999929,2980.9528873673307,99726.88803785143
1720203000000.0,0.0,5.82999999999992,2981.639476166467,99724.68528540563
1720203600000.0,0.0,6.28999999999991,2979.325647390438,99732.72329145035
1720204200000.0,0.0,5.8599999999999195,2979.1380042393507,99737.14833592366
1720204800000.0,0.0,5.989999999999917,2979.9138799517964,99733.10682335503
1720205400000.0,0.0,5.749999999999922,2980.2763020067796,99729.42594910733
1720206000000.0,0.0,5.569999999999926,2981.2073922208906,99722.34984258602
1720206600000.0,0.0,5.569999999999926,2982.1651492252904,99716.5364442315
1720207200000.0,0.0,5.84999999999992,2982.5346995033747,99715.2261778617
1720207800000.0,0.0,5.509999999999927,2983.0738223659014,99710.20619290035
1720208400000.0,0.0,5.599999999999925,2983.6908467665594,99707.8085179838
1720209000000.0,0.0,5.599999999999925,2984.2481754493547,99704.45715675018
1720209600000.0,0.0,5.479999999999928,2984.221987604111,99704.41624142608
1720210200000.0,0.0,5.609999999999925,2984.1592222053164,99704.70773966481
1720210800000.0,0.0,5.929999999999918,2983.1774529655613,99707.8237177309
1720211400000.0,0.0,6.039999999999916,2982.2143233406196,99712.12176186936
1720212000000.0,0.0,6.249999999999911,2981.223505718315,99714.99065039729
1720212600000.0,0.0,6.019999999999916,2980.725563232167,99720.80831414914
1720213200000.0,0.0,6.039999999999916,2980.3797753524677,99722.63895226787
1720213800000.0,0.0,5.989999999999917,2980.095251270978,99724.5844429636
1720214400000.0,0.0,6.0499999999999154,2979.794339035777,99725.8835906204
1720215000000.0,0.0,6.039999999999916,2979.5886141033284,99727.16219635279
1720215600000.0,0.0,5.8599999999999195,2979.999758829201,99726.08090828788
1720216200000.0,0.0,5.82999999999992,2980.065320993894,99725.28377168262
1720216800000.0,0.0,5.659999999999924,2980.1991703759986,99725.11933268892
1720217400000.0,0.0,5.959999999999917,2979.2670463624336,99728.170339327
1720218000000.0,0.0,5.569999999999926,2979.361125579182,99728.39088171105
1720218600000.0,0.0,5.499999999999927,2979.795704962845,99725.22489597149
1720219200000.0,0.0,5.539999999999926,2980.3251096550666,99722.40069874808
1720219800000.0,0.0,5.749999999999922,2980.5721980985104,99721.40297306074
1720220400000.0,0.0,5.889999999999919,2980.3059557066126,99722.40468228525
1720221000000.0,0.0,5.6699999999999235,2980.2191744514057,99722.89645210777
1720221600000.0,0.0,5.499999999999927,2980.6562980129206,99719.37974708622
1720222200000.0,0.0,5.37999999999993,2981.4433313195514,99714.14842145814
1720222800000.0,0.0,5.2499999999999325,2981.882712669791,99710.47136732089
1720223400000.0,0.0,5.449999999999928,2982.4969974430087,99707.26294500298
1720224000000.0,0.0,5.34999999999993,2982.4849815218554,99707.16421715546
1720224600000.0,0.0,5.659999999999924,2981.817982891223,99708.78931031315
1720225200000.0,0.0,5.559999999999926,2980.83087204232,99714.69157770225
1720225800000.0,0.0,5.239999999999933,2980.8744055639963,99714.37259415224
1720226400000.0,0.0,4.3099999999999525,2984.101562172228,99679.06894912531
1720227000000.0,0.0,5.179999999999934,2992.1103636681614,99660.87566908661
1720227600000.0,0.0,5.36999999999993,2992.0686586437405,99660.64935116081
1720228200000.0,0.0,6.009999999999916,2989.330446023211,99668.22055490827
1720228800000.0,0.0,5.83999999999992,2987.737292373663,99678.79483336568
1720229400000.0,0.0,5.749999999999922,2986.8636161403024,99684.73169661112
1720230000000.0,0.0,5.889999999999919,2984.9252364781755,99693.89517522152
1720230600000.0,0.0,5.8599999999999195,2983.302602567816,99703.66075751059
1720231200000.0,0.0,6.199999999999912,2981.5801818471464,99708.16125983573
1720231800000.0,0.0,6.399999999999908,2979.545140441017,99717.0331452956
1720232400000.0,0.0,6.28999999999991,2977.564210158586,99731.48848255065
1720233000000.0,0.0,6.009999999999916,2976.933130909367,99738.39963330286
1720233600000.0,0.0,5.549999999999926,2977.276524662068,99735.61056979375
1720234200000.0,0.0,5.449999999999928,2977.4469474668595,99734.10393377385
1720234800000.0,0.0,5.5799999999999255,2977.754666108365,99732.81845199357
1720235400000.0,0.0,5.689999999999923,2977.896012552672,99732.17888866359
1720236000000.0,0.0,5.559999999999926,2977.796777115686,99732.41101192501
1720236600000.0,0.0,5.699999999999923,2977.855619433674,99731.57365835631
1720237200000.0,0.0,5.519999999999927,2977.5246774926045,99733.76378137906
1720237800000.0,0.0,5.419999999999929,2977.6980629016525,99732.47709708127
1720238400000.0,0.0,5.309999999999931,2977.7880962290164,99731.65290690218
1720239000000.0,0.0,5.509999999999927,2977.8412569898173,99731.18756568436
1720239600000.0,0.0,5.559999999999926,2977.6016997434535,99732.29799259469
1720240200000.0,0.0,5.589999999999925,2977.2106902741493,99734.4538302958
1720240800000.0,0.0,5.739999999999922,2976.4848127642085,99737.28788386175
1720241400000.0,0.0,5.679999999999923,2975.963279948454,99740.74300735109
1720242000000.0,0.0,5.729999999999922,2975.2026562350466,99744.38161248155
1720242600000.0,0.0,5.459999999999928,2974.4667091179826,99750.88784883425
1720243200000.0,0.0,5.5799999999999255,2974.0174309967056,99752.40434794682
1720243800000.0,0.0,5.469999999999928,2973.988694004035,99753.06631837637
1720244400000.0,0.0,5.449999999999928,2974.073530101889,99752.48508069318
1720245000000.0,0.0,5.459999999999928,2974.087228041846,99752.35925765999
1720245600000.0,0.0,5.549999999999926,2974.0546400749895,99752.41786542229
1720246200000.0,0.0,5.409999999999929,2974.0580175309597,99752.212802726
1720246800000.0,0.0,5.259999999999932,2974.30582377482,99749.73602654293
1720247400000.0,0.0,5.149999999999935,2974.978366147187,99744.9693317905
1720248000000.0,0.0,4.859999999999941,2975.698964028698,99736.64734037903
1720248600000.0,0.0,5.129999999999935,2977.5931744302798,99731.24700736125
1720249200000.0,0.0,5.029999999999937,2977.9912922211483,99727.68699475621
1720249800000.0,0.0,4.43999999999995,2979.8547111309163,99706.15852569736
1720250400000.0,0.0,4.239999999999954,2981.847588489731,99690.7479563022
1720251000000.0,0.0,4.469999999999949,2984.66489897274,99685.22845080055
1720251600000.0,0.0,4.289999999999953,2986.7466606305793,99671.16858388353
1720252200000.0,0.0,4.519999999999948,2988.76855834909,99667.11052060082
1720252800000.0,0.0,4.569999999999947,2989.2868598096393,99665.53369105868
1720253400000.0,0.0,4.749999999999943,2990.380897653672,99662.58762106384
1720254000000.0,0.0,4.729999999999944,2990.8862386992478,99659.82604829139
1720254600000.0,0.0,4.469999999999949,2991.8006160569366,99650.90959852432
1720255200000.0,0.0,4.629999999999946,2993.335514940329,99646.67019732509
1720255800000.0,0.0,4.7799999999999425,2994.009372460649,99644.61694169695
1720256400000.0,0.0,4.719999999999944,2994.280094595748,99642.65884580695
1720257000000.0,0.0,4.979999999999938,2994.493902323888,99642.30487498593
1720257600000.0,0.0,4.9699999999999385,2994.4465904919202,99642.46274443406
1720258200000.0,0.0,5.099999999999936,2994.2356077898517,99642.93468595069
1720258800000.0,0.0,5.179999999999934,2993.9071884828854,99644.07169358761
1720259400000.0,0.0,5.039999999999937,2993.87249889117,99644.77700468757
1720260000000.0,0.0,4.629999999999946,2994.3486801387107,99640.59891977688
1720260600000.0,0.0,4.659999999999945,2995.4649885657254,99635.32888017288
1720261200000.0,0.0,4.709999999999944,2996.090767808222,99632.80764440248
1720261800000.0,0.0,4.719999999999944,2996.4346668632843,99631.17450132454
1720262400000.0,0.0,4.599999999999946,2996.800843435197,99628.66085345733
1720263000000.0,0.0,4.579999999999947,2997.0247228027165,99627.41185357279
1720263600000.0,0.0,4.4999999999999485,2997.5734440862984,99623.73700369091
1720264200000.0,0.0,4.579999999999947,2998.1657472822844,99621.62414552638
1720264800000.0,0.0,4.459999999999949,2998.8835472921255,99617.18075029641
1720265400000.0,0.0,4.509999999999948,2999.537546606742,99614.66012100287
1720266000000.0,0.0,4.459999999999949,3000.2153694252597,99611.06785459265
1720266600000.0,0.0,4.509999999999948,3000.6187541203885,99609.6803961164
1720267200000.0,0.0,4.4999999999999485,3000.901721861759,99608.30900171144
1720267800000.0,0.0,4.379999999999951,3001.132536162637,99606.54102033701
1720268400000.0,0.0,4.3099999999999525,3001.3278221191413,99605.28891542589
1720269000000.0,0.0,4.4499999999999496,3001.5997068589145,99604.33681600723
1720269600000.0,0.0,4.509999999999948,3001.614706905347,99604.1863067563
1720270200000.0,0.0,4.769999999999943,3000.8132526082013,99606.13062675836
1720270800000.0,0.0,4.42999999999995,3000.64877438266,99607.88345440433
1720271400000.0,0.0,4.479999999999949,3000.4748589581777,99608.45288238695
1720272000000.0,0.0,4.4499999999999496,3000.3485031028617,99609.00251275187
1720272600000.0,0.0,4.319999999999952,3000.4825886544954,99608.03540151217
1720273200000.0,0.0,4.3599999999999515,3000.7970318328794,99606.56812453827
1720273800000.0,0.0,4.189999999999955,3001.307773832811,99603.13774525019
1720274400000.0,0.0,4.119999999999957,3002.9343387744134,99594.49615677912
1720275000000.0,0.0,4.2199999999999545,3003.561007155837,99591.70489474211
1720275600000.0,0.0,4.259999999999954,3002.9273416104757,99593.9978921992
1720276200000.0,0.0,4.139999999999956,3002.6491198413346,99595.50991929672
1720276800000.0,0.0,3.95999999999996,3002.5996735665462,99595.32975118633
1720277400000.0,0.0,3.819999999999963,3003.620623798634,99589.98762814915
1720278000000.0,0.0,3.94999999999996,3004.726885836147,99586.59138931721
1720278600000.0,0.0,3.8799999999999617,3005.28424798701,99583.78437797043
1720279200000.0,0.0,3.8499999999999623,3006.0099709069386,99580.42529234833
1720279800000.0,0.0,3.6899999999999658,3007.050477024136,99574.54373999097
1720280400000.0,0.0,3.6999999999999655,3010.091468931482,99563.43291751365
1720281000000.0,0.0,3.5499999999999687,3011.6662342709897,99555.49602870812
1720281600000.0,0.0,3.639999999999967,3012.955023584042,99551.77510510429
1720282200000.0,0.0,3.579999999999968,3013.439715400504,99549.47529577644
1720282800000.0,0.0,3.3299999999999734,3013.9859686339814,99545.07167382917
1720283400000.0,0.0,3.2199999999999758,3018.967559319228,99526.46640788246
1720284000000.0,0.0,2.739999999999986,3023.2933653129026,99501.6914634531
1720284600000.0,0.0,2.449999999999992,3032.4958233021257,99468.47255039032
1720285200000.0,0.0,2.6599999999999877,3037.3932219944045,99459.36957239544
1720285800000.0,0.0,2.779999999999985,3039.159486261984,99455.42765837228
1720286400000.0,0.0,2.4799999999999915,3039.915157383359,99450.88366151985
1720287000000.0,0.0,2.6099999999999888,3040.9660272897872,99449.1328023343
1720287600000.0,0.0,2.3799999999999937,3041.992419676335,99444.44477115101
1720288200000.0,0.0,2.5299999999999905,3043.28213056773,99442.34314261435
1720288800000.0,0.0,2.5299999999999905,3044.11192302184,99440.26143786547
1720289400000.0,0.0,2.589999999999989,3044.960954854853,99438.30519758665
1720290000000.0,0.0,2.55999999999999,3045.376914084866,99437.08989969353
1720290600000.0,0.0,2.509999999999991,3045.7365779947017,99435.85013050408
1720291200000.0,0.0,2.4799999999999915,3046.3847651702085,99433.95624990869
1720291800000.0,0.0,2.369999999999994,3047.3154053115786,99430.69715772237
1720292400000.0,0.0,2.3999999999999932,3047.7710104265343,99429.82542033712
1720293000000.0,0.0,2.54999999999999,3048.124235438755,99429.57553360202
1720293600000.0,0.0,2.409999999999993,3048.196691285901,99428.73763989186
1720294200000.0,0.0,2.5199999999999907,3048.554602288345,99428.41961670427
1720294800000.0,0.0,2.4799999999999915,3048.9825067500615,99427.11967493076
1720295400000.0,0.0,2.3799999999999937,3049.2853397997146,99425.7191461076
1720296000000.0,0.0,2.3299999999999947,3050.1270862818883,99423.11446823411
1720296600000.0,0.0,2.279999999999996,3051.0729769929812,99420.47926390692
1720297200000.0,0.0,2.1599999999999984,3051.762398827047,99417.71294778454
1720297800000.0,0.0,2.139999999999999,3053.084093655133,99414.70780204899
1720298400000.0,0.0,2.030000000000001,3056.6524116159785,99406.05350576054
1720299000000.0,0.0,2.030000000000001,3057.6301279833788,99404.07050116478
1720299600000.0,0.0,2.030000000000001,3059.0312880993297,99401.18943166937
1720300200000.0,0.0,1.8500000000000016,3064.455796085472,99390.09378020294
1720300800000.0,0.0,2.040000000000001,3065.1502914244747,99388.96914195514
1720301400000.0,0.0,2.0200000000000014,3065.168413283383,99388.92269311867
1720302000000.0,0.0,2.0100000000000016,3065.2768010770865,99388.54562366618
1720302600000.0,0.0,2.1099999999999994,3065.080806596762,99388.64044102198
1720303200000.0,0.0,2.179999999999998,3064.3376815261613,99389.74482870415
1720303800000.0,0.0,1.9800000000000018,3063.7021778472285,99391.88054285372
1720304400000.0,0.0,1.8400000000000016,3063.586713340927,99392.03719095394
1720305000000.0,0.0,1.9300000000000017,3063.658692836494,99391.83711349685
1720305600000.0,0.0,1.8300000000000016,3063.6620667702527,99391.68471268172
1720306200000.0,0.0,1.8800000000000017,3063.5989909186596,99391.84707593417
1720306800000.0,0.0,1.8300000000000016,3063.64203256976,99391.71818538858
1720307400000.0,0.0,1.8900000000000017,3063.6752638984544,99391.55282217318
1720308000000.0,0.0,1.4300000000000013,3064.003523444805,99387.47851414519
1720308600000.0,0.0,1.4300000000000013,3067.082068588972,99382.46019998904
1720309200000.0,0.0,1.6700000000000015,3067.9860150429286,99381.1236638296
1720309800000.0,0.0,1.7600000000000016,3067.329548992224,99381.84538382497
1720310400000.0,0.0,1.6600000000000015,3067.274592759095,99382.17437244116
1720311000000.0,0.0,1.9200000000000017,3066.084275384897,99383.24310164225
1720311600000.0,0.0,1.9800000000000018,3064.5912574371278,99385.55461152579
1720312200000.0,0.0,2.0600000000000005,3063.4419854175244,99387.12402131122
1720312800000.0,0.0,2.0200000000000014,3062.578445766592,99389.0513000628
1720313400000.0,0.0,2.1599999999999984,3061.5707515272043,99390.18478817258
1720314000000.0,0.0,2.3299999999999947,3060.0087976640284,99391.90499891416
1720314600000.0,0.0,2.4299999999999926,3057.5614500700844,99396.30937315103
1720315200000.0,0.0,2.3299999999999947,3056.5936534631965,99399.27206539211
1720315800000.0,0.0,2.419999999999993,3054.589561972548,99402.92091761781
1720316400000.0,0.0,2.419999999999993,3053.13225664779,99406.24527543371
1720317000000.0,0.0,2.319999999999995,3052.4781906676994,99408.26909930231
1720317600000.0,0.0,2.1899999999999977,3052.697145632513,99407.9451457262
1720318200000.0,0.0,2.09,3053.082307494161,99406.70770718862
1720318800000.0,0.0,1.6500000000000015,3054.4118171545815,99398.72239577636
1720319400000.0,0.0,1.9200000000000017,3057.6778673086765,99395.62600592876
1720320000000.0,0.0,1.9100000000000017,3058.270047065117,99394.3516452871
1720320600000.0,0.0,1.8600000000000017,3058.6277939567112,99393.35327025202
1720321200000.0,0.0,1.8000000000000016,3059.970979899041,99390.40013124322
1720321800000.0,0.0,2.269999999999996,3059.66892471537,99390.43513073766
1720322400000.0,0.0,2.449999999999992,3056.145777104062,99396.47924431667
1720323000000.0,0.0,2.499999999999991,3054.6963967512124,99399.30813035362
1720323600000.0,0.0,2.3899999999999935,3054.3242059099566,99400.71564062686
1720324200000.0,0.0,2.3899999999999935,3053.9730324765965,99401.49465861256
1720324800000.0,0.0,2.369999999999994,3053.7514626375905,99401.9586017105
1720325400000.0,0.0,2.54999999999999,3052.545679723183,99403.81752943753
1720326000000.0,0.0,2.509999999999991,3051.8078353214923,99405.84938619468
1720326600000.0,0.0,2.4799999999999915,3051.5290591912417,99406.58763811733
1720327200000.0,0.0,2.969999999999981,3048.838128788401,99408.78785505012
1720327800000.0,0.0,2.919999999999982,3047.541370844857,99413.14180794467
1720328400000.0,0.0,3.109999999999978,3045.1277137946186,99417.65353396043
1720329000000.0,0.0,3.2199999999999758,3041.523559610217,99427.85160124685
1720329600000.0,0.0,2.9399999999999817,3040.430754447992,99435.10339598468
1720330200000.0,0.0,2.9099999999999824,3039.9581488815907,99436.62370250636
1720330800000.0,0.0,2.889999999999983,3039.5841095654228,99437.8330368177
1720331400000.0,0.0,2.889999999999983,3039.0435843649843,99439.37942120696
1720332000000.0,0.0,2.9899999999999807,3038.4486547274623,99440.31495381669
1720332600000.0,0.0,2.929999999999982,3038.134112720193,99441.57643538165
1720333200000.0,0.0,2.9499999999999815,3037.7057774947275,99442.70035868238
1720333800000.0,0.0,2.8599999999999834,3037.5666798853536,99443.48081486972
1720334400000.0,0.0,2.779999999999985,3037.4030477610545,99444.07895544611
1720335000000.0,0.0,2.9899999999999807,3037.1806212877505,99444.12595287146
1720335600000.0,0.0,3.109999999999978,3036.7350376765207,99444.75747219789
1720336200000.0,0.0,3.199999999999976,3035.9762733382595,99446.25356044946
1720336800000.0,0.0,3.209999999999976,3034.735214380976,99449.99198560901
1720337400000.0,0.0,3.579999999999968,3029.9754145198613,99461.09539118086
1720338000000.0,0.0,3.769999999999964,3024.1899208884956,99477.38768914237
1720338600000.0,0.0,3.5699999999999683,3022.3356908639203,99488.26137265783
1720339200000.0,0.0,3.5699999999999683,3021.6421208830243,99490.70099481965
1720339800000.0,0.0,3.48999999999997,3020.735945444338,99495.03580471131
1720340400000.0,0.0,3.4099999999999717,3019.9356226540585,99498.64966996177
1720341000000.0,0.0,3.4199999999999715,3019.0745333023083,99501.45744236824
1720341600000.0,0.0,3.4299999999999713,3018.00406589124,99504.7655172552
1720342200000.0,0.0,3.249999999999975,3017.587915053666,99507.70502666773
1720342800000.0,0.0,3.1499999999999773,3017.0910292383096,99509.82706544145
1720343400000.0,0.0,3.119999999999978,3016.813544832163,99510.48685771579
1720344000000.0,0.0,3.159999999999977,3016.0506390348373,99512.43902956207
1720344600000.0,0.0,2.9099999999999824,3015.763782743246,99513.83722197932
1720345200000.0,0.0,3.1399999999999775,3015.4812753451947,99514.11169307829
1720345800000.0,0.0,3.1299999999999777,3015.077297118293,99515.29623190197
1720346400000.0,0.0,3.109999999999978,3014.95534760168,99515.60593017102
1720347000000.0,0.0,3.1399999999999775,3015.1482401730354,99515.06158006894
1720347600000.0,0.0,3.0799999999999788,3015.14965842899,99514.93974294102
1720348200000.0,0.0,2.879999999999983,3015.4172559194362,99513.29351586437
1720348800000.0,0.0,2.9999999999999805,3017.2918538433105,99506.7639741725
1720349400000.0,0.0,3.2299999999999756,3016.5972864356218,99507.9475729954
1720350000000.0,0.0,3.0999999999999783,3016.477774950021,99508.8088754474
1720350600000.0,0.0,3.1399999999999775,3016.369714656443,99509.03741328124
1720351200000.0,0.0,3.209999999999976,3016.154760100187,99509.59006689086
1720351800000.0,0.0,3.2799999999999745,3015.856896281697,99510.1311796285
1720352400000.0,0.0,3.2199999999999758,3015.673995575868,99511.04423743823
1720353000000.0,0.0,3.1899999999999764,3015.460293593059,99511.82424051066
1720353600000.0,0.0,3.0799999999999788,3015.4809724145425,99511.72266750573
1720354200000.0,0.0,2.9399999999999817,3015.415675110504,99511.47717444766
1720354800000.0,0.0,2.929999999999982,3016.0047963504044,99509.58755701588
1720355400000.0,0.0,3.0899999999999785,3016.350690239102,99508.86517408378
1720356000000.0,0.0,3.1799999999999766,3016.030472856399,99509.35078912928
1720356600000.0,0.0,3.4299999999999713,3013.954874595925,99513.22305809868
1720357200000.0,0.0,3.449999999999971,3013.394184580657,99514.94972059947
1720357800000.0,0.0,3.7399999999999647,3012.072775115035,99518.23813100257
1720358400000.0,0.0,4.289999999999953,3006.996545138528,99527.46700954856
1720359000000.0,0.0,4.249999999999954,3000.6040159444474,99554.31845979905
1720359600000.0,0.0,4.319999999999952,2996.862967797988,99567.4968701457
1720360200000.0,0.0,4.1699999999999555,2993.341624579301,99584.98136454736
1720360800000.0,0.0,4.239999999999954,2991.1792040414034,99592.61848584752
1720361400000.0,0.0,4.589999999999947,2987.3267070520333,99602.5297164543
1720362000000.0,0.0,4.649999999999945,2983.456247418946,99618.38617182501
1720362600000.0,0.0,4.719999999999944,2980.0183037810407,99631.01569619667
1720363200000.0,0.0,5.029999999999937,2978.006567181649,99636.85699136955
1720363800000.0,0.0,5.1099999999999355,2976.358606716072,99643.69586926412
1720364400000.0,0.0,4.939999999999939,2974.8381232115044,99653.25985349841
1720365000000.0,0.0,4.659999999999945,2973.966297754106,99659.1504777591
1720365600000.0,0.0,4.859999999999941,2972.8504519632256,99663.017301322
1720366200000.0,0.0,4.809999999999942,2972.6562798034784,99664.05523018859
1720366800000.0,0.0,4.8299999999999415,2972.297447029569,99665.6386842905
1720367400000.0,0.0,4.88999999999994,2972.1452486463986,99665.93273619254
1720368000000.0,0.0,4.669999999999945,2971.8351027930526,99668.04787219992
1720368600000.0,0.0,4.489999999999949,2971.513345739442,99668.60182336345
1720369200000.0,0.0,4.289999999999953,2972.1160301603495,99664.78774255571
1720369800000.0,0.0,4.469999999999949,2972.8247843131676,99662.65657345377
1720370400000.0,0.0,4.299999999999953,2973.6362103995284,99657.54166186566
1720371000000.0,0.0,4.199999999999955,2975.3974020643777,99648.87962280336
1720371600000.0,0.0,4.179999999999955,2976.327442573486,99644.46981823657
1720372200000.0,0.0,4.079999999999957,2978.1485191117436,99635.10016513785
1720372800000.0,0.0,4.259999999999954,2979.2620484716404,99632.73325256459
1720373400000.0,0.0,4.40999999999995,2979.641516004562,99631.51030237367
1720374000000.0,0.0,4.159999999999956,2979.703283693551,99629.92968193867
1720374600000.0,0.0,4.269999999999953,2980.107084541228,99628.79984838281
1720375200000.0,0.0,4.049999999999958,2981.7168579311397,99620.36640731282
1720375800000.0,0.0,3.6199999999999672,2983.395495095178,99606.07787864943
1720376400000.0,0.0,3.819999999999963,2986.430772102148,99598.0604599738
1720377000000.0,0.0,3.869999999999962,2986.9501171479933,99596.42015212128
1720377600000.0,0.0,4.069999999999958,2987.266127193894,99595.79579967489
1720378200000.0,0.0,4.109999999999957,2987.434240896732,99595.0829578685
1720378800000.0,0.0,4.059999999999958,2987.5945931279034,99594.20903200482
1720379400000.0,0.0,4.109999999999957,2987.430317653959,99594.70776421636
1720380000000.0,0.0,4.059999999999958,2987.386696809785,99594.83024847644
1720380600000.0,0.0,4.009999999999959,2987.2269137030366,99595.56685075501
1720381200000.0,0.0,4.039999999999958,2987.0016298632136,99596.38795421681
1720381800000.0,0.0,4.059999999999958,2986.9168282014643,99596.63433995626
1720382400000.0,0.0,4.009999999999959,2986.803224320278,99597.2046686099
1720383000000.0,0.0,4.069999999999958,2986.4603509026833,99598.30209615028
1720383600000.0,0.0,3.7599999999999643,2986.5732564007253,99596.8825413575
1720384200000.0,0.0,3.8299999999999628,2987.295251802029,99594.50425730244
1720384800000.0,0.0,3.5999999999999677,2987.766539551454,99591.125832549
1720385400000.0,0.0,3.529999999999969,2988.2846207368207,99588.60656963331
1720386000000.0,0.0,3.449999999999971,2988.8438011546045,99585.78832233092
1720386600000.0,0.0,3.7599999999999643,2989.475312490558,99584.85285682984
1720387200000.0,0.0,4.669999999999945,2984.7776080975163,99594.000469399
1720387800000.0,0.0,4.989999999999938,2976.2801119375886,99625.3278202959
1720388400000.0,0.0,4.609999999999946,2971.4713565537345,99658.91371558182
1720389000000.0,0.0,4.569999999999947,2969.200592788498,99669.9951371712
1720389600000.0,0.0,4.3099999999999525,2967.9332244095663,99678.92677847944
1720390200000.0,0.0,4.239999999999954,2967.1349582660655,99682.46607913657
1720390800000.0,0.0,4.149999999999956,2966.5943772615915,99684.92388892912
1720391400000.0,0.0,4.2199999999999545,2965.8047792417697,99687.40777968445
1720392000000.0,0.0,4.239999999999954,2964.6514222504593,99691.6110869728
1720392600000.0,0.0,4.4999999999999485,2962.558576320972,99696.88734350039
1720393200000.0,0.0,4.549999999999947,2959.561610008178,99709.60024882757
1720393800000.0,0.0,4.259999999999954,2955.503495150308,99730.67763291454
1720394400000.0,0.0,4.589999999999947,2953.1412591933126,99736.97999804758
1720395000000.0,0.0,4.609999999999946,2951.9267921998794,99742.52279092347
1720395600000.0,0.0,4.799999999999942,2949.8547446649495,99748.65314276329
1720396200000.0,0.0,5.039999999999937,2946.095374838112,99761.91472377106
1720396800000.0,0.0,4.769999999999943,2944.3473536412976,99774.64270844618
1720397400000.0,0.0,5.179999999999934,2940.285299569821,99788.93092676345
1720398000000.0,0.0,4.42999999999995,2939.3798192296927,99795.95422715777
1720398600000.0,0.0,4.159999999999956,2940.292504360043,99788.95158624755
1720399200000.0,0.0,4.939999999999939,2936.9541635926216,99793.91530599786
1720399800000.0,0.0,5.189999999999934,2925.289984347803,99843.19692851043
1720400400000.0,0.0,5.139999999999935,2917.4115581173246,99883.90504986256
1720401000000.0,0.0,5.799999999999921,2898.8900960073815,99956.80360548302
1720401600000.0,0.0,6.379999999999908,2880.4815462266383,100038.84402250005
1720402200000.0,0.0,5.809999999999921,2871.5311732293217,100113.77035823365
1720402800000.0,0.0,6.149999999999913,2863.7807668849246,100151.31390068373
1720403400000.0,0.0,5.759999999999922,2860.334628926171,100177.35560262129
1720404000000.0,0.0,5.419999999999929,2858.66085529352,100188.93016705518
1720404600000.0,0.0,5.329999999999931,2859.737633917078,100183.24974581816
1720405200000.0,0.0,5.5299999999999265,2857.885764827872,100188.72127347816
1720405800000.0,0.0,4.949999999999939,2861.240883614461,100166.4120070847
1720406400000.0,0.0,4.709999999999944,2866.6523600124233,100133.5390816078
1720407000000.0,0.0,4.659999999999945,2870.7825297521413,100112.7210437114
1720407600000.0,0.0,4.87999999999994,2873.773375525059,100102.11869944421
1720408200000.0,0.0,5.189999999999934,2875.867908127723,100094.53450804368
1720408800000.0,0.0,5.399999999999929,2876.0626805186325,100093.01815741601
1720409400000.0,0.0,5.479999999999928,2875.4509939190225,100096.01701722048
1720410000000.0,0.0,5.629999999999924,2877.671760219503,100087.59614795102
1720410600000.0,0.0,5.749999999999922,2877.4551455669184,100088.44617195711
1720411200000.0,0.0,5.559999999999926,2877.5895594307894,100087.49159037169
1720411800000.0,0.0,4.9699999999999385,2877.6119693494607,100083.26040798007
1720412400000.0,0.0,5.1099999999999355,2879.816987324739,100072.73935049762
1720413000000.0,0.0,4.849999999999941,2880.440943676315,100067.03848860695
1720413600000.0,0.0,4.399999999999951,2883.2184836077017,100045.08673458322
1720414200000.0,0.0,4.139999999999956,2887.550458083685,100019.83118761067
1720414800000.0,0.0,3.94999999999996,2890.111831179457,100004.27420721829
1720415400000.0,0.0,3.6999999999999655,2893.187091332654,99985.97736174635
1720416000000.0,0.0,4.049999999999958,2897.1605886700036,99976.28174105372
1720416600000.0,0.0,4.039999999999958,2898.173503845925,99971.84972502974
1720417200000.0,0.0,3.769999999999964,2899.2039724603314,99964.2100406618
1720417800000.0,0.0,3.6599999999999664,2901.463555060398,99953.66311661628
1720418400000.0,0.0,3.389999999999972,2903.3289423605383,99943.18784046514
1720419000000.0,0.0,3.779999999999964,2904.827584101921,99940.1140791922
1720419600000.0,0.0,3.199999999999976,2906.443433598999,99928.10596510067
1720420200000.0,0.0,3.1799999999999766,2911.3519688188712,99911.79733220342
1720420800000.0,0.0,3.309999999999974,2914.0054112159114,99904.75672661283
1720421400000.0,0.0,3.0799999999999788,2915.7110581092466,99896.32906441113
1720422000000.0,0.0,3.579999999999968,2916.732738270865,99896.13244638797
1720422600000.0,0.0,3.5699999999999683,2915.2914052912956,99900.8128014978
1720423200000.0,0.0,3.589999999999968,2913.695306904529,99906.08356166047
1720423800000.0,0.0,3.2299999999999756,2913.360548114108,99906.6262023292
1720424400000.0,0.0,3.3199999999999736,2914.9641396644065,99901.27880698204
1720425000000.0,0.0,3.0399999999999796,2915.817934348038,99896.8529231999
1720425600000.0,0.0,2.9499999999999815,2916.813799544979,99892.9127786303
1720426200000.0,0.0,2.309999999999995,2924.1842110066314,99858.41815189275
1720426800000.0,0.0,1.7300000000000015,2950.5030008325025,99791.5307730479
1720427400000.0,0.0,1.5100000000000013,2980.4292556275836,99735.70053450053
1720428000000.0,0.0,1.030000000000001,2997.72917838323,99702.76630623346
1720428600000.0,0.0,0.9200000000000008,3022.2271022045325,99675.12627847005
1720429200000.0,0.0,0.7900000000000007,3047.3433250180597,99651.33423118398
1720429800000.0,0.0,0.9900000000000009,3069.889726856722,99635.99976013006
1720430400000.0,0.0,1.4200000000000013,3063.4190124393785,99640.96057666432
1720431000000.0,0.0,0.9600000000000009,3063.7211596955144,99638.8284611605
1720431600000.0,0.0,1.4200000000000013,3064.3414633896714,99637.44790387488
1720432200000.0,0.0,1.9600000000000017,3056.230634817717,99645.48437003547
1720432800000.0,0.0,1.7100000000000015,3054.6422218475723,99649.58923012881
1720433400000.0,0.0,1.5800000000000014,3053.984147950365,99649.54134204662
1720434000000.0,0.0,1.4200000000000013,3058.066041743049,99642.18288387307
1720434600000.0,0.0,1.5300000000000014,3058.383864933655,99641.4977975497
1720435200000.0,0.0,1.7400000000000015,3056.0392406215283,99644.10537931674
1720435800000.0,0.0,1.8100000000000016,3053.4604679031468,99647.9864319635
1720436400000.0,0.0,2.5199999999999907,3041.7423988022933,99661.9523707965
1720437000000.0,0.0,1.9300000000000017,3037.14075594724,99677.38085725025
1720437600000.0,0.0,2.040000000000001,3037.8121490517747,99676.03626107278
1720438200000.0,0.0,2.0500000000000007,3037.088264734429,99677.00842016278
1720438800000.0,0.0,1.9000000000000017,3038.658505777801,99673.33451646059
1720439400000.0,0.0,1.2800000000000011,3042.3341846910475,99660.61105181386
1720440000000.0,0.0,1.3200000000000012,3048.6711248079737,99651.95286752192
1720440600000.0,0.0,1.5400000000000014,3048.704001396479,99650.41332680786
1720441200000.0,0.0,1.200000000000001,3047.4129484864466,99650.34056958472
1720441800000.0,0.0,1.240000000000001,3052.573592062462,99642.77680146105
1720442400000.0,0.0,0.9600000000000009,3052.493599450421,99641.93836155615
1720443000000.0,0.0,1.020000000000001,3052.7496514009363,99640.92315862961
1720443600000.0,0.0,1.220000000000001,3051.535963338084,99641.927718526
1720444200000.0,0.0,1.210000000000001,3049.4505123632584,99643.53887506887
1720444800000.0,0.0,1.050000000000001,3052.588909590063,99638.77368764883
1720445400000.0,0.0,1.3100000000000012,3052.5549833174737,99638.42446845252
1720446000000.0,0.0,1.4400000000000013,3043.564352144245,99650.9348209007
1720446600000.0,0.0,1.7500000000000016,3035.3883412977457,99659.19056611737
1720447200000.0,0.0,1.3500000000000012,3032.162596815495,99664.28776089751
1720447800000.0,0.0,1.240000000000001,3034.443065955,99659.72324828416
1720448400000.0,0.0,1.3900000000000012,3034.6901330934343,99658.68053740848
1720449000000.0,0.0,2.3799999999999937,3011.5416058920505,99687.96276320533
1720449600000.0,0.0,2.269999999999996,2966.32452839221,99802.98250647819
1720450200000.0,0.0,2.449999999999992,2971.161258998008,99796.70695519347
1720450800000.0,0.0,2.589999999999989,2973.196983935085,99789.98942853679
1720451400000.0,0.0,2.7099999999999866,2978.665703084729,99774.64923983913
1720452000000.0,0.0,2.6099999999999888,2993.471549356633,99731.82209343808
1720452600000.0,0.0,2.8499999999999837,2999.4207379537283,99716.64811293078
1720453200000.0,0.0,3.2299999999999756,3000.31788090541,99712.65069673448
1720453800000.0,0.0,2.9999999999999805,2994.3284476388535,99739.78188035254
1720454400000.0,0.0,3.259999999999975,2987.754758732378,99757.2004736616
1720455000000.0,0.0,3.02999999999998,2985.463990935154,99765.8635461057
1720455600000.0,0.0,3.059999999999979,2982.326395472997,99774.69578658185
1720456200000.0,0.0,3.5199999999999694,2976.6518834483227,99786.92158220129
1720456800000.0,0.0,3.1799999999999766,2971.7179493261892,99808.04920448216
1720457400000.0,0.0,2.8099999999999845,2971.827409517033,99808.40595729659
1720458000000.0,0.0,2.9099999999999824,2971.8802686556614,99807.97133559154
1720458600000.0,0.0,3.0799999999999788,2969.5829330261377,99814.64167282908
1720459200000.0,0.0,3.1799999999999766,2970.111687295244,99811.8387413108
1720459800000.0,0.0,2.979999999999981,2971.7770880947774,99807.3702134773
1720460400000.0,0.0,2.599999999999989,2973.976469833356,99798.81499970301
1720461000000.0,0.0,2.749999999999986,2974.618531935793,99797.45681090638
1720461600000.0,0.0,2.319999999999995,2976.343896046235,99789.04718467258
1720462200000.0,0.0,2.2999999999999954,2977.966319091759,99785.01052533889
1720462800000.0,0.0,2.0600000000000005,2978.973447015173,99781.3553916987
1720463400000.0,0.0,2.139999999999999,2979.553747459378,99779.84744220696
1720464000000.0,0.0,1.6400000000000015,2982.4234709509547,99770.64359800046
1720464600000.0,0.0,1.6800000000000015,2985.941799746954,99763.60888150516
1720465200000.0,0.0,1.8600000000000017,2989.107857929487,99758.90388132122
1720465800000.0,0.0,1.6700000000000015,2990.0658507918884,99756.24596132764
1720466400000.0,0.0,1.6400000000000015,2989.814425817298,99755.88141288969
1720467000000.0,0.0,1.2700000000000011,2992.121772858701,99750.1119836095
1720467600000.0,0.0,1.100000000000001,2994.2933183701657,99746.33384870287
1720468200000.0,0.0,0.9000000000000008,2994.4601498694806,99746.0039328775
1720468800000.0,0.0,0.6000000000000005,3001.0172458194093,99739.9165735084
1720469400000.0,0.0,0.7700000000000007,3001.316572465645,99739.0803836515
1720470000000.0,0.0,1.110000000000001,2999.3683826091774,99739.47407038383
1720470600000.0,0.0,0.6200000000000006,3002.0834390880077,99734.9921783355
1720471200000.0,0.0,0.7800000000000007,3006.838842296066,99731.75247307912
1720471800000.0,0.0,0.8700000000000008,3005.8852299037317,99731.99107856382
1720472400000.0,0.0,1.030000000000001,3002.7511146478532,99734.01536449279
1720473000000.0,0.0,1.210000000000001,2997.1616749409145,99738.18515572161
1720473600000.0,0.0,0.9900000000000009,2998.900018126408,99733.21945251488
1720474200000.0,0.0,0.8800000000000008,3001.2087190688544,99728.93525432944
1720474800000.0,0.0,0.9100000000000008,3015.00302147692,99715.37922052603
1720475400000.0,0.0,0.6700000000000006,3014.7383127562916,99713.69591949327
1720476000000.0,0.0,0.6200000000000006,3019.333402623258,99710.08314129351
1720476600000.0,0.0,0.5600000000000005,3023.079498194542,99707.19709170096
1720477200000.0,0.0,0.40000000000000036,3026.7690916761144,99704.3355776494
1720477800000.0,0.0,0.19000000000000017,3039.5868711699586,99700.16707141754
1720478400000.0,0.0,0.4400000000000004,3032.432785758335,99701.37486960617
1720479000000.0,0.0,0.5400000000000005,3028.9593468337166,99702.68198828961
1720479600000.0,0.0,0.5700000000000005,3026.0067551668185,99704.02043503472
1720480200000.0,0.0,0.6000000000000005,3024.5346026895722,99704.59851100601
1720480800000.0,0.0,0.39000000000000035,3027.086791070891,99702.7614689621
1720481400000.0,0.0,0.5500000000000005,3026.3981710975327,99703.05862571608
1720482000000.0,0.0,0.6600000000000006,3023.8764152295284,99703.76747987827
1720482600000.0,0.0,0.7300000000000006,3021.261861969148,99705.15619860229
1720483200000.0,0.0,0.6500000000000006,3020.1230153527504,99706.14676234049
1720483800000.0,0.0,0.5800000000000005,3018.743479982856,99706.61543704977
1720484400000.0,0.0,0.5200000000000005,3019.290306180313,99706.03256317608
1720485000000.0,0.0,0.8000000000000007,3017.7956648228233,99706.55352723159
1720485600000.0,0.0,0.7500000000000007,3014.9362274801338,99706.98001652972
1720486200000.0,0.0,0.5100000000000005,3021.299849907088,99700.79600790719
1720486800000.0,0.0,0.5700000000000005,3023.5729470729107,99699.06984872824
1720487400000.0,0.0,0.4600000000000004,3029.524569590668,99693.26669132808
1720488000000.0,0.0,1.4224732503009818e-16,3052.9448133333326,99680.2727199398
1720488600000.0,0.0,0.020000000000000143,3040.355503,99678.40850632978
1720489200000.0,0.0,0.38000000000000034,3030.3916843871843,99681.45252537269
1720489800000.0,0.0,0.20000000000000018,3028.191149189795,99681.05943430185
1720490400000.0,0.0,0.29000000000000026,3029.923418933027,99680.44826125918
1720491000000.0,0.0,0.27000000000000024,3022.775959073212,99683.31160100995
1720491600000.0,0.25999999999999995,0.0,3035.741664497134,99682.00126392898
1720492200000.0,0.11999999999999984,0.0,3032.5478723861265,99680.86684905608
1720492800000.0,0.5600000000000002,0.0,3036.175167797906,99681.34865418659
1720493400000.0,0.7300000000000003,0.0,3043.086829948939,99683.9494757825
1720494000000.0,1.0300000000000005,0.0,3058.722702469388,99691.86681528331
1720494600000.0,0.8700000000000003,0.0,3062.2770792812366,99696.36211491455
1720495200000.0,0.52,0.0,3059.568959864231,99691.9405949992
1720495800000.0,0.3599999999999999,0.0,3053.1720815176323,99687.3501473262
1720496400000.0,0.6500000000000001,0.0,3050.7495214094597,99686.183294046
1720497000000.0,0.8100000000000003,0.0,3054.688532990815,99688.23214414237
1720497600000.0,0.9800000000000004,0.0,3061.351346748617,99693.29080193349
1720498200000.0,1.1000000000000005,0.0,3063.427714169844,99694.44008818667
1720498800000.0,1.0500000000000005,0.0,3065.5522898861473,99696.4520848003
1720499400000.0,1.1300000000000006,0.0,3067.7964194849997,99698.1655882979
1720500000000.0,1.550000000000001,0.0,3073.745387997286,99702.54644519564
1720500600000.0,1.2100000000000006,0.0,3072.337212401675,99699.47761319585
1720501200000.0,1.4600000000000009,0.0,3070.9716602923486,99698.20061438663
1720501800000.0,1.2400000000000007,0.0,3070.8975181132487,99696.9626078602
1720502400000.0,1.2700000000000007,0.0,3069.0461247288567,99694.16217547543
1720503000000.0,1.2700000000000007,0.0,3068.1626100616504,99692.59502157808
1720503600000.0,1.1000000000000005,0.0,3067.473388155179,99689.19964857046
1720504200000.0,1.3800000000000008,0.0,3065.2244025794407,99687.68519347945
1720504800000.0,1.620000000000001,0.0,3065.5647322407785,99688.05490595986
1720505400000.0,2.0899999999999994,0.0,3068.15185344057,99689.14740134054
1720506000000.0,2.249999999999996,0.0,3070.752758641265,99693.23004026254
1720506600000.0,2.4999999999999907,0.0,3074.1361143694244,99698.71358233319
1720507200000.0,2.5999999999999885,0.0,3077.727236154252,99705.93743846059
1720507800000.0,2.52999999999999,0.0,3078.5643188602444,99707.9409108759
1720508400000.0,2.4999999999999907,0.0,3078.7099980422827,99707.58304047519
1720509000000.0,2.4599999999999915,0.0,3078.077498174465,99705.41660250857
1720509600000.0,2.239999999999996,0.0,3076.2188983668057,99699.070155701
1720510200000.0,2.6099999999999883,0.0,3074.3922896560684,99696.91544837163
1720510800000.0,2.3799999999999932,0.0,3072.861927779864,99691.33068114531
1720511400000.0,2.339999999999994,0.0,3071.0640971147513,99686.53043999766
1720512000000.0,2.3099999999999947,0.0,3069.2368535598293,99681.6945718923
1720512600000.0,2.2799999999999954,0.0,3067.2412810714113,99675.79748455189
1720513200000.0,2.5899999999999888,0.0,3067.2456040630427,99676.6758100523
1720513800000.0,2.5499999999999896,0.0,3070.22492472906,99684.46707328806
1720514400000.0,2.99999999999998,0.0,3075.4044973648183,99693.71969415335
1720515000000.0,3.0599999999999787,0.0,3081.6087406476345,99714.41296540062
1720515600000.0,2.8399999999999834,0.0,3082.832835385551,99719.33232788388
1720516200000.0,3.1099999999999777,0.0,3083.6437745454245,99720.69909295517
1720516800000.0,3.1299999999999772,0.0,3083.791846670391,99720.4463698372
1720517400000.0,3.379999999999972,0.0,3084.3125006674295,99721.0866139247
1720518000000.0,3.5399999999999685,0.0,3086.3207212158986,99726.75571655305
1720518600000.0,3.569999999999968,0.0,3087.591782869693,99730.83756077355
1720519200000.0,3.3999999999999715,0.0,3088.139757403176,99733.23802532954
1720519800000.0,3.5299999999999687,0.0,3088.8470298443785,99734.53591321937
1720520400000.0,3.319999999999973,0.0,3089.2352389503885,99735.55005227397
1720521000000.0,3.239999999999975,0.0,3088.7011802308307,99733.30974069655
1720521600000.0,3.229999999999975,0.0,3088.1179875247954,99731.2605746137
1720522200000.0,3.1999999999999758,0.0,3086.8720910033267,99726.88894812923
1720522800000.0,3.2699999999999743,0.0,3086.0392538396186,99724.67780072415
1720523400000.0,3.049999999999979,0.0,3085.399873880515,99720.5405644741
1720524000000.0,3.039999999999979,0.0,3082.2059267619934,99709.19450810493
1720524600000.0,3.3999999999999715,0.0,3082.1669646581327,99708.67553395605
1720525200000.0,3.319999999999973,0.0,3083.0853164977425,99711.82346685091
1720525800000.0,3.369999999999972,0.0,3083.8585033286904,99713.88698182607
1720526400000.0,3.279999999999974,0.0,3084.06490591943,99714.5445073741
1720527000000.0,3.2699999999999743,0.0,3083.8150371536085,99713.55684947064
1720527600000.0,3.2199999999999753,0.0,3083.7375560294513,99713.06169962318
1720528200000.0,3.039999999999979,0.0,3082.723029011548,99708.44611599346
1720528800000.0,3.089999999999978,0.0,3081.318885022587,99703.93684618811
1720529400000.0,3.519999999999969,0.0,3080.118708490154,99702.4482106036
1720530000000.0,3.089999999999978,0.0,3079.654444333474,99699.11527768872
1720530600000.0,3.0199999999999796,0.0,3077.4333377374346,99691.2683323353
1720531200000.0,3.0699999999999785,0.0,3075.6202021026525,99685.89670161331
1720531800000.0,3.0299999999999794,0.0,3074.479837271605,99681.84923305114
1720532400000.0,3.099999999999978,0.0,3073.7440022677674,99680.04477494818
1720533000000.0,2.5899999999999888,0.0,3071.057874202393,99667.1937864222
1720533600000.0,2.7799999999999847,0.0,3067.859752982721,99658.91375052993
1720534200000.0,2.619999999999988,0.0,3065.99958864268,99653.40822573175
1720534800000.0,3.7699999999999636,0.0,3075.544809116996,99669.79484670886
1720535400000.0,3.709999999999965,0.0,3074.8622630186264,99666.91790779673
1720536000000.0,3.3899999999999717,0.0,3074.7927279979363,99664.81068131045
1720536600000.0,2.9899999999999802,0.0,3074.0435689096553,99657.99169843725
1720537200000.0,2.869999999999983,0.0,3069.7280869074966,99640.83770356186
1720537800000.0,2.6399999999999877,0.0,3060.7717997324194,99611.06085193087
1720538400000.0,2.7899999999999845,0.0,3057.674734408145,99603.46439531591
1720539000000.0,2.859999999999983,0.0,3055.3133479712055,99596.97127359477
1720539600000.0,2.6499999999999875,0.0,3053.421649915684,99590.27185315364
1720540200000.0,2.899999999999982,0.0,3053.0692836305047,99589.20916428544
1720540800000.0,3.289999999999974,0.0,3055.9129061823264,99593.8065753568
1720541400000.0,3.239999999999975,0.0,3058.9350370611346,99603.47337908496
1720542000000.0,3.5499999999999683,0.0,3062.4981439452354,99610.90827297243
1720542600000.0,3.5899999999999674,0.0,3066.180227770599,99622.24425486325
1720543200000.0,3.4999999999999694,0.0,3067.148588372196,99624.86660982943
1720543800000.0,3.47999999999997,0.0,3067.1990490725548,99624.63141360917
1720544400000.0,3.7399999999999642,0.0,3068.2473132634877,99626.89729061202
1720545000000.0,3.5999999999999672,0.0,3069.183398315485,99630.7324321723
1720545600000.0,3.3899999999999717,0.0,3069.123414976968,99630.04141997847
1720546200000.0,3.609999999999967,0.0,3068.632778033319,99628.71571269687
1720546800000.0,3.4099999999999713,0.0,3068.4076986403693,99627.23179016025
1720547400000.0,2.9699999999999807,0.0,3066.696010679743,99615.69812873536
1720548000000.0,3.039999999999979,0.0,3065.035903576734,99611.83103609979
1720548600000.0,2.959999999999981,0.0,3063.2032240714575,99605.05845484803
1720549200000.0,3.3399999999999728,0.0,3062.5586313521753,99605.21936132271
1720549800000.0,3.3399999999999728,0.0,3063.3103877306294,99607.08843359667
1720550400000.0,3.8299999999999623,0.0,3064.2047413513883,99608.97100739209
1720551000000.0,3.8899999999999615,0.0,3066.4821179714045,99615.74494179491
1720551600000.0,3.809999999999963,0.0,3065.8932570912607,99613.1566575438
1720552200000.0,3.919999999999961,0.0,3064.846755834416,99609.57900667696
1720552800000.0,4.089999999999957,0.0,3064.542338404001,99608.87505412838
1720553400000.0,4.079999999999957,0.0,3064.3047388912973,99607.3503265825
1720554000000.0,4.019999999999959,0.0,3064.2170128060416,99606.84229788624
1720554600000.0,4.039999999999958,0.0,3064.082966933244,99606.21801190621
1720555200000.0,4.349999999999952,0.0,3064.3769611772454,99606.64503805687
1720555800000.0,4.349999999999952,0.0,3064.9375231074596,99608.49672360327
1720556400000.0,4.549999999999947,0.0,3065.110524742848,99608.68115038575
1720557000000.0,4.629999999999946,0.0,3065.7650782208552,99611.07664003833
1720557600000.0,4.739999999999943,0.0,3066.375707770872,99613.26637657968
1720558200000.0,4.629999999999946,0.0,3067.0939256693105,99617.4917326746
1720558800000.0,4.549999999999947,0.0,3067.3195503070083,99618.64874954254
1720559400000.0,4.41999999999995,0.0,3067.339302776697,99618.74606101867
1720560000000.0,4.4999999999999485,0.0,3067.2578193909535,99618.26585285494
1720560600000.0,4.4499999999999496,0.0,3067.116652831871,99617.53282940744
1720561200000.0,4.43999999999995,0.0,3067.129013128293,99617.50131862523
1720561800000.0,4.379999999999951,0.0,3066.9446150826607,99616.51244241765
1720562400000.0,4.399999999999951,0.0,3066.6704961015907,99615.40014244257
1720563000000.0,4.049999999999958,0.0,3065.689735380434,99607.46745367635
1720563600000.0,3.8799999999999617,0.0,3064.500337846945,99599.92002280176
1720564200000.0,3.9399999999999604,0.0,3063.8009123031243,99597.98014914988
1720564800000.0,4.0299999999999585,0.0,3063.35888245881,99596.85394367458
1720565400000.0,4.42999999999995,0.0,3063.4896016461894,99596.79414088817
1720566000000.0,4.289999999999953,0.0,3063.9521630544627,99599.3053730492
1720566600000.0,4.339999999999952,0.0,3063.447733853917,99597.2246922715
1720567200000.0,4.399999999999951,0.0,3063.123195855868,99595.9696216213
1720567800000.0,4.43999999999995,0.0,3062.9744701052696,99595.48987181285
1720568400000.0,4.599999999999946,0.0,3063.0013578637095,99595.40756505851
1720569000000.0,4.609999999999946,0.0,3063.3284378858466,99596.80839274917
1720569600000.0,4.629999999999946,0.0,3063.4175865497846,99597.1393705009
1720570200000.0,4.379999999999951,0.0,3063.267050007694,99596.42145210908
1720570800000.0,4.019999999999959,0.0,3063.043521671025,99593.10034732288
1720571400000.0,3.3799999999999724,0.0,3060.7290817731005,99572.33461690838
1720572000000.0,3.529999999999969,0.0,3056.3314063723114,99559.0304450395
1720572600000.0,3.629999999999967,0.0,3055.0682848012025,99555.06755840359
1720573200000.0,3.2399999999999753,0.0,3053.405006541577,99542.99083924992
1720573800000.0,3.4199999999999715,0.0,3047.4404251418023,99525.0316455401
1720574400000.0,3.5999999999999677,0.0,3046.2590579356065,99521.73253008323
1720575000000.0,3.7899999999999636,0.0,3046.4972359605836,99521.93098966563
1720575600000.0,3.96999999999996,0.0,3050.642309013344,99534.51508025789
1720576200000.0,3.719999999999965,0.0,3051.057640015359,99537.14236452205
1720576800000.0,3.9299999999999606,0.0,3052.1573676901144,99539.68794647706
1720577400000.0,3.8999999999999613,0.0,3053.3368756994164,99543.95806760261
1720578000000.0,3.9899999999999594,0.0,3053.5724982332986,99544.2636031057
1720578600000.0,4.339999999999952,0.0,3053.877600652467,99544.40304947647
1720579200000.0,4.509999999999948,0.0,3055.345174870012,99549.26305562846
1720579800000.0,4.659999999999945,0.0,3056.497967631326,99552.76479290664
1720580400000.0,4.729999999999944,0.0,3057.5128819090846,99556.4693735846
1720581000000.0,4.87999999999994,0.0,3059.091115979434,99561.44522525427
1720581600000.0,4.769999999999943,0.0,3059.717313508562,99565.83650887046
1720582200000.0,4.869999999999941,0.0,3060.6958879303265,99569.13409656529
1720582800000.0,5.009999999999938,0.0,3062.0628490614035,99573.79747276222
1720583400000.0,5.069999999999936,0.0,3063.3073614012046,99579.09313201865
1720584000000.0,5.039999999999937,0.0,3064.607965206026,99585.9023723929
1720584600000.0,5.199999999999934,0.0,3070.5394495328383,99613.83539431519
1720585200000.0,4.89999999999994,0.0,3074.716339473499,99641.66426958451
1720585800000.0,5.569999999999926,0.0,3081.84528406509,99656.74893271683
1720586400000.0,5.489999999999927,0.0,3089.055472897412,99698.89123589107
1720587000000.0,5.279999999999932,0.0,3091.9780312785524,99719.607909955
1720587600000.0,5.519999999999927,0.0,3095.2034467671438,99731.11276447882
1720588200000.0,5.4399999999999284,0.0,3098.2774140325578,99748.37258463132
1720588800000.0,5.429999999999929,0.0,3100.1859492133385,99757.78001148255
1720589400000.0,5.589999999999925,0.0,3101.727798752994,99764.20133782331
1720590000000.0,5.37999999999993,0.0,3102.365599785463,99769.4939836698
1720590600000.0,5.429999999999929,0.0,3102.8380857744582,99771.3385081293
1720591200000.0,5.539999999999926,0.0,3103.0051304289054,99772.04208482009
1720591800000.0,5.409999999999929,0.0,3102.867191283306,99770.50423205658
1720592400000.0,5.4399999999999284,0.0,3102.996796656564,99770.61421182557
1720593000000.0,5.269999999999932,0.0,3103.2735420528293,99772.58231226225
1720593600000.0,5.209999999999933,0.0,3103.496915705797,99773.769353761
1720594200000.0,5.339999999999931,0.0,3103.9666187593225,99775.51623468853
1720594800000.0,5.259999999999932,0.0,3104.465480802841,99778.59902604666
1720595400000.0,5.1099999999999355,0.0,3104.746984761273,99780.42211772372
1720596000000.0,5.239999999999933,0.0,3104.8756430147555,99780.74601218094
1720596600000.0,5.069999999999936,0.0,3104.7056733480763,99779.5518007084
1720597200000.0,4.939999999999939,0.0,3104.367073364818,99776.73993924583
1720597800000.0,4.949999999999939,0.0,3103.3273979515125,99771.14398723353
1720598400000.0,4.989999999999938,0.0,3102.9363680861975,99769.48465932366
1720599000000.0,4.749999999999943,0.0,3101.8152105235513,99761.54440358032
1720599600000.0,4.3099999999999525,0.0,3100.4097281143145,99748.24740492617
1720600200000.0,4.469999999999949,0.0,3098.421049881238,99741.80060522257
1720600800000.0,4.539999999999948,0.0,3097.4622790239073,99738.0880154519
1720601400000.0,4.459999999999949,0.0,3096.8549750916145,99734.29072993192
1720602000000.0,4.529999999999948,0.0,3096.075314917149,99731.34683849798
1720602600000.0,4.579999999999947,0.0,3095.1436001088773,99727.42737453194
1720603200000.0,4.529999999999948,0.0,3094.528247904541,99723.84529727082
1720603800000.0,4.239999999999954,0.0,3093.5793179092916,99716.44634975865
1720604400000.0,4.199999999999955,0.0,3092.1999748753065,99710.20726034955
1720605000000.0,4.42999999999995,0.0,3091.334185970224,99708.1614065813
1720605600000.0,4.399999999999951,0.0,3091.1065629695213,99707.12904209907
1720606200000.0,4.479999999999949,0.0,3090.9408175733247,99706.47406424163
1720606800000.0,4.479999999999949,0.0,3090.5054142379804,99704.40594086927
1720607400000.0,4.619999999999946,0.0,3090.7367642536788,99705.06661437504
1720608000000.0,4.809999999999942,0.0,3091.9896058100594,99709.37211424937
1720608600000.0,4.8299999999999415,0.0,3093.403005395282,99715.38186525217
1720609200000.0,4.799999999999942,0.0,3094.2518586013266,99719.60254431928
1720609800000.0,4.739999999999943,0.0,3095.0945496574805,99723.96067294934
1720610400000.0,4.549999999999947,0.0,3095.554286772698,99727.15777992868
1720611000000.0,4.459999999999949,0.0,3095.741205463258,99727.75836013895
1720611600000.0,4.629999999999946,0.0,3095.7560170226134,99727.01861103749
1720612200000.0,4.729999999999944,0.0,3096.3532008627103,99729.09753406342
1720612800000.0,4.7799999999999425,0.0,3096.66266020077,99730.32771996247
1720613400000.0,4.88999999999994,0.0,3097.6539733338377,99733.55658010523
1720614000000.0,4.709999999999944,0.0,3098.3258356692477,99738.02162019484
1720614600000.0,4.699999999999944,0.0,3098.64839128871,99739.3604462896
1720615200000.0,4.199999999999955,0.0,3096.5024701453463,99728.10539707306
1720615800000.0,4.339999999999952,0.0,3095.48523901744,99723.73052719828
1720616400000.0,4.769999999999943,0.0,3096.5444070298886,99725.17362909518
1720617000000.0,4.9199999999999395,0.0,3099.639735303126,99737.79312520397
1720617600000.0,4.9199999999999395,0.0,3102.3028293662915,99750.16090236472
1720618200000.0,4.599999999999946,0.0,3103.4360038642544,99757.73965512808
1720618800000.0,4.3099999999999525,0.0,3103.397266734324,99758.53543722727
1720619400000.0,3.8399999999999626,0.0,3103.027768682669,99754.29102616372
1720620000000.0,4.179999999999955,0.0,3102.0537153625137,99750.96184497747
1720620600000.0,4.3099999999999525,0.0,3104.4003767130234,99758.51836127526
1720621200000.0,3.919999999999961,0.0,3103.977440480945,99759.05299449731
1720621800000.0,4.129999999999956,0.0,3105.924588070679,99765.26169273378
1720622400000.0,3.95999999999996,0.0,3107.1135666923497,99770.76360818351
1720623000000.0,3.6899999999999658,0.0,3106.8134879875643,99769.126158896
1720623600000.0,3.6499999999999666,0.0,3106.199507790314,99766.2393428065
1720624200000.0,3.4699999999999704,0.0,3104.245318525772,99756.98023190623
1720624800000.0,3.7999999999999634,0.0,3104.3076293306012,99758.263045308
1720625400000.0,4.0299999999999585,0.0,3105.4409650052703,99760.85405128295
1720626000000.0,4.239999999999954,0.0,3106.607637441363,99763.68243347303
1720626600000.0,4.479999999999949,0.0,3109.1937183192676,99771.7142204719
1720627200000.0,4.579999999999947,0.0,3111.4999745195278,99780.39107352098
1720627800000.0,5.139999999999935,0.0,3117.341904683813,99797.82387886618
1720628400000.0,5.329999999999931,0.0,3122.41350333934,99819.92468134998
1720629000000.0,5.259999999999932,0.0,3124.2331767287665,99830.4891954745
1720629600000.0,5.009999999999938,0.0,3125.133465080255,99837.83848147321
1720630200000.0,4.759999999999943,0.0,3125.5017923844466,99839.51525623108
1720630800000.0,4.699999999999944,0.0,3124.8612926213837,99835.77946414163
1720631400000.0,4.579999999999947,0.0,3124.27729798636,99832.45114361861
1720632000000.0,4.599999999999946,0.0,3123.167114436154,99827.34578684738
1720632600000.0,4.339999999999952,0.0,3120.757093216814,99811.96708151196
1720633200000.0,4.41999999999995,0.0,3118.5457822265003,99802.95743074206
1720633800000.0,4.269999999999953,0.0,3117.7954595458655,99797.90364688176
1720634400000.0,4.1699999999999555,0.0,3116.9478628429965,99792.8634928562
1720635000000.0,4.239999999999954,0.0,3115.680531149142,99788.58470020321
1720635600000.0,4.299999999999953,0.0,3114.6470942678266,99784.86977108248
1720636200000.0,4.149999999999956,0.0,3113.745602337546,99778.7762029216
1720636800000.0,4.3099999999999525,0.0,3111.965331456785,99773.10153111951
1720637400000.0,4.229999999999954,0.0,3111.0709198614763,99768.3850755748
1720638000000.0,4.249999999999954,0.0,3110.35232777701,99765.293747043
1720638600000.0,4.119999999999957,0.0,3109.054050320104,99758.23022405947
1720639200000.0,4.1699999999999555,0.0,3107.326576938524,99750.95453247428
1720639800000.0,4.269999999999953,0.0,3106.6420279558383,99748.49966698205
1720640400000.0,4.4999999999999485,0.0,3106.520113717251,99748.33705691824
1720641000000.0,4.589999999999947,0.0,3106.617522544928,99748.52096314177
1720641600000.0,4.589999999999947,0.0,3106.622946713948,99748.37263399755
1720642200000.0,4.719999999999944,0.0,3106.653641504062,99748.25228550968
1720642800000.0,4.699999999999944,0.0,3106.7827565891125,99748.73564326936
1720643400000.0,4.389999999999951,0.0,3106.596768931125,99745.64806278815
1720644000000.0,4.259999999999954,0.0,3105.5695591569597,99739.44006250915
1720644600000.0,4.349999999999952,0.0,3105.041795539358,99737.93323243667
1720645200000.0,4.289999999999953,0.0,3104.4955549475067,99734.86263321525
1720645800000.0,4.239999999999954,0.0,3103.51296510065,99730.01368323716
1720646400000.0,3.9299999999999606,0.0,3101.7031519763386,99717.96501189745
1720647000000.0,4.149999999999956,0.0,3100.638370339035,99716.18255763741
1720647600000.0,3.9799999999999596,0.0,3099.7419137423985,99710.7384088251
1720648200000.0,4.089999999999957,0.0,3099.2635870150457,99709.72806799188
1720648800000.0,4.079999999999957,0.0,3099.2112038101486,99709.72884245572
1720649400000.0,4.299999999999953,0.0,3099.347043545702,99709.94671941682
1720650000000.0,4.199999999999955,0.0,3099.320302645416,99709.87213138105
1720650600000.0,4.229999999999954,0.0,3099.7722209734907,99712.0535240181
1720651200000.0,4.319999999999952,0.0,3100.016945231634,99712.69499789087
1720651800000.0,4.149999999999956,0.0,3100.0388829083663,99713.13501016996
1720652400000.0,4.179999999999955,0.0,3100.0573646977127,99713.17521380667
1720653000000.0,4.119999999999957,0.0,3100.0538939712073,99713.13437720158
1720653600000.0,4.199999999999955,0.0,3100.1177398595696,99713.14799728041
1720654200000.0,4.069999999999958,0.0,3100.1685740618636,99713.65079292198
1720654800000.0,4.109999999999957,0.0,3100.1850229751267,99713.62511089796
1720655400000.0,4.069999999999958,0.0,3100.425259005704,99714.72573677337
1720656000000.0,4.059999999999958,0.0,3100.4672937997493,99714.91085043713
1720656600000.0,3.9399999999999604,0.0,3100.3729787955886,99714.29958350475
1720657200000.0,3.6899999999999658,0.0,3099.8922473482826,99710.78412486528
1720657800000.0,3.769999999999964,0.0,3099.1957312413238,99708.38542585989
1720658400000.0,3.6999999999999655,0.0,3098.044987356554,99703.27965338931
1720659000000.0,3.7399999999999647,0.0,3097.340115931007,99700.629841602
1720659600000.0,4.0299999999999585,0.0,3097.264554389668,99700.68923918036
1720660200000.0,3.809999999999963,0.0,3097.295116187333,99700.61723407371
1720660800000.0,3.719999999999965,0.0,3096.8430775090155,99698.34236206349
1720661400000.0,3.8999999999999613,0.0,3096.3974186864434,99697.22468934699
1720662000000.0,4.039999999999958,0.0,3096.8376333991196,99698.00893692226
1720662600000.0,4.519999999999948,0.0,3100.88528737401,99708.0702797303
1720663200000.0,4.43999999999995,0.0,3105.16496279332,99728.37365812199
1720663800000.0,4.289999999999953,0.0,3106.5304048197813,99735.04143739643
1720664400000.0,4.42999999999995,0.0,3106.339084480691,99735.16644091897
1720665000000.0,4.549999999999947,0.0,3106.481078002407,99735.1725331704
1720665600000.0,4.42999999999995,0.0,3106.4254364530734,99735.04103281653
1720666200000.0,4.42999999999995,0.0,3106.203519221787,99733.9294966019
1720666800000.0,4.42999999999995,0.0,3106.1969461540943,99733.70299241197
1720667400000.0,4.039999999999958,0.0,3105.4038027473134,99726.82408458847
1720668000000.0,3.4599999999999707,0.0,3102.3263668513036,99703.43949876484
1720668600000.0,3.629999999999967,0.0,3090.9370773789233,99667.11828614469
1720669200000.0,3.639999999999967,0.0,3087.5511252082606,99654.41020383727
1720669800000.0,3.7399999999999647,0.0,3085.7387969319593,99649.24126637465
1720670400000.0,3.7899999999999636,0.0,3085.0269589823183,99647.04418769208
1720671000000.0,3.8899999999999615,0.0,3084.3987842628685,99645.16043469164
1720671600000.0,3.909999999999961,0.0,3084.094689045043,99643.92476178517
1720672200000.0,3.909999999999961,0.0,3083.723343811074,99642.50669667032
1720672800000.0,4.099999999999957,0.0,3083.677828182654,99642.40963832787
1720673400000.0,4.139999999999956,0.0,3083.8538271241573,99642.87964779299
1720674000000.0,4.049999999999958,0.0,3083.9260505519937,99643.12116208453
1720674600000.0,4.209999999999955,0.0,3084.3308323506817,99644.04858689527
1720675200000.0,4.3099999999999525,0.0,3085.2883941422683,99647.05017181205
1720675800000.0,4.149999999999956,0.0,3085.6950219929313,99649.59105160949
1720676400000.0,4.2199999999999545,0.0,3085.9636427203172,99650.22524496855
1720677000000.0,4.289999999999953,0.0,3086.589987514468,99652.40323451586
1720677600000.0,4.369999999999951,0.0,3087.881147815247,99657.1165250314
1720678200000.0,4.379999999999951,0.0,3088.822181824413,99660.68529980969
1720678800000.0,4.469999999999949,0.0,3089.5777182081533,99663.12085744918
1720679400000.0,4.539999999999948,0.0,3090.2916913500544,99665.57265737797
1720680000000.0,4.459999999999949,0.0,3090.721663908498,99668.05442061063
1720680600000.0,4.8299999999999415,0.0,3091.649750558251,99668.21921466505
1720681200000.0,4.789999999999942,0.0,3092.6484600847994,99673.40855978485
1720681800000.0,4.799999999999942,0.0,3093.2976997669653,99676.35926768006
1720682400000.0,4.9199999999999395,0.0,3094.8257672644368,99681.77703746961
1720683000000.0,5.089999999999936,0.0,3097.1975619042387,99690.28041258118
1720683600000.0,5.099999999999936,0.0,3098.760253400603,99697.90202190162
1720684200000.0,5.029999999999937,0.0,3099.542583564707,99702.88237670905
1720684800000.0,5.089999999999936,0.0,3101.1760674257484,99710.4519167556
1720685400000.0,5.3899999999999295,0.0,3103.13585356101,99714.42498262237
1720686000000.0,5.229999999999933,0.0,3104.3171749802104,99723.71115132501
1720686600000.0,5.399999999999929,0.0,3106.7892817228562,99733.52694414186
1720687200000.0,5.329999999999931,0.0,3108.1226311554733,99741.58452552705
1720687800000.0,5.229999999999933,0.0,3108.9239057399996,99747.08938037854
1720688400000.0,5.479999999999928,0.0,3109.9673774538346,99750.10406145532
1720689000000.0,5.35999999999993,0.0,3110.9883714755956,99756.99595871744
1720689600000.0,5.37999999999993,0.0,3111.6854118685123,99760.46082492082
1720690200000.0,5.409999999999929,0.0,3112.4919609387593,99764.32311206688
1720690800000.0,5.34999999999993,0.0,3113.915757487512,99772.53498028632
1720691400000.0,5.35999999999993,0.0,3117.3321945981374,99793.09931020407
1720692000000.0,5.649999999999924,0.0,3120.0671328159874,99802.18388586827
1720692600000.0,5.499999999999927,0.0,3123.565796836439,99824.92596725827
1720693200000.0,5.269999999999932,0.0,3124.330425233513,99832.61988685842
1720693800000.0,5.179999999999934,0.0,3125.953376448748,99842.60095914225
1720694400000.0,5.289999999999932,0.0,3127.4393167414905,99848.48458787017
1720695000000.0,5.129999999999935,0.0,3127.8751726165,99853.0202273703
1720695600000.0,5.179999999999934,0.0,3128.5058777932827,99855.42980299685
1720696200000.0,5.139999999999935,0.0,3129.615437909335,99861.52227602157
1720696800000.0,5.009999999999938,0.0,3130.2007460073232,99866.2101992343
1720697400000.0,4.849999999999941,0.0,3130.516497439177,99869.11337341761
1720698000000.0,4.999999999999938,0.0,3131.3659777933844,99871.69708296444
1720698600000.0,5.2499999999999325,0.0,3133.4132112878074,99879.2292366085
1720699200000.0,5.149999999999935,0.0,3135.6579950590985,99891.8404406418
1720699800000.0,5.269999999999932,0.0,3137.1809586233,99896.68828709215
1720700400000.0,5.049999999999937,0.0,3138.3446226488345,99905.35953465392
1720701000000.0,5.429999999999929,0.0,3139.9779835832965,99910.39783142458
1720701600000.0,5.679999999999923,0.0,3155.047880779394,99983.37437888412
1720702200000.0,5.649999999999924,0.0,3161.714121517337,100020.92895135003
1720702800000.0,5.769999999999921,0.0,3168.953798510951,100055.1439606552
1720703400000.0,5.039999999999937,0.0,3170.9864886737964,100073.53110978294
1720704000000.0,5.679999999999923,0.0,3171.4157878655787,100074.34410379342
1720704600000.0,5.639999999999924,0.0,3172.1720908126545,100078.45592303028
1720705200000.0,5.499999999999927,0.0,3173.2489566559198,100084.34316222441
1720705800000.0,5.6699999999999235,0.0,3172.4175429167653,100079.90629115475
1720706400000.0,5.879999999999919,0.0,3172.6807492940584,100080.12254220572
1720707000000.0,5.619999999999925,0.0,3173.517714301335,100085.87339837011
1720707600000.0,5.079999999999936,0.0,3171.376115466922,100066.5127907186
1720708200000.0,4.859999999999941,0.0,3163.6066703545152,100021.2967593395
1720708800000.0,5.229999999999933,0.0,3161.359879931408,100015.39350704777
1720709400000.0,5.019999999999937,0.0,3159.5782912714817,100003.55126243927
1720710000000.0,4.929999999999939,0.0,3158.7142398197607,99998.31484174778
1720710600000.0,4.89999999999994,0.0,3157.2760961064837,99990.22653437805
1720711200000.0,5.029999999999937,0.0,3155.9569621571213,99984.29013751654
1720711800000.0,4.649999999999945,0.0,3155.54929927296,99979.62979841547
1720712400000.0,4.389999999999951,0.0,3152.269582081643,99960.6814427247
1720713000000.0,3.8799999999999617,0.0,3145.1606436703373,99918.35288391703
1720713600000.0,4.329999999999952,0.0,3135.8159780327205,99891.6369981977
1720714200000.0,4.069999999999958,0.0,3130.9408546019768,99863.49242697592
1720714800000.0,4.019999999999959,0.0,3129.7008009035726,99857.56367886817
1720715400000.0,4.329999999999952,0.0,3129.1031454800686,99855.8990155045
1720716000000.0,4.119999999999957,0.0,3128.972398082088,99853.4270595539
1720716600000.0,3.999999999999959,0.0,3127.8716153743876,99847.13220264323
1720717200000.0,4.379999999999951,0.0,3126.7201334373694,99844.78726286133
1720717800000.0,4.589999999999947,0.0,3126.6450238073294,99843.65033668124
1720718400000.0,4.699999999999944,0.0,3126.9058902162064,99844.61293866175
1720719000000.0,4.979999999999938,0.0,3128.0334021459003,99847.40120794214
1720719600000.0,4.799999999999942,0.0,3128.6223402109385,99851.73332574805
1720720200000.0,4.669999999999945,0.0,3129.0925100842824,99854.46367752916
1720720800000.0,4.599999999999946,0.0,3129.4532696306064,99856.12274046637
1720721400000.0,4.579999999999947,0.0,3129.6450281688753,99856.96672897902
1720722000000.0,4.749999999999943,0.0,3130.1179710878096,99858.37948930266
1720722600000.0,4.809999999999942,0.0,3131.0884162494253,99862.2654296853
1720723200000.0,4.949999999999939,0.0,3132.612159271949,99868.29997048165
1720723800000.0,4.689999999999944,0.0,3133.0091135022544,99872.17020483107
1720724400000.0,4.749999999999943,0.0,3133.3631120552113,99873.3649410777
1720725000000.0,4.659999999999945,0.0,3133.577314882668,99874.51949891866
1720725600000.0,4.4999999999999485,0.0,3133.4353448156394,99873.58140753576
1720726200000.0,3.9299999999999606,0.0,3132.4919667081363,99863.53471441836
1720726800000.0,3.94999999999996,0.0,3129.7684631709258,99852.40830273047
