Timestamp,Long,Short,Avg Entry Price,USD Balance,Price,Onchain Pnl,Total Fees
1704067200,0,0,0,100000,0,0,0
1704067800,0.35,0.0,2287,100000,2290,0,0
1704068400,0.41,0.0,2291,100001,2292,0,0
1704069000,0.3,0.0,2292,100001,2291,0,0
1704069600,0.41,0.0,2291,100001,2293,0,0
1704070200,0.38,0.0,2291,100001,2292,0,0
1704070800,0.5,0.0,2292,100001,2295,0,0
1704071400,0.47,0.0,2293,100001,2294,0,0
1704072000,0.62,0.0,2294,100002,2298,0,0
1704072600,0.65,0.0,2295,100002,2299,0,0
1704073200,0.78,0.0,2298,100004,2304,0,0
1704073800,0.92,0.0,2300,100005,2305,0,0
1704074400,0.86,0.0,2301,100005,2303,0,0
1704075000,0.64,0.0,2300,100005,2298,0,0
1704075600,0.58,0.0,2300,100005,2297,0,0
1704076200,0.61,0.0,2299,100004,2296,0,0
1704076800,0.69,0.0,2299,100004,2298,0,0
1704077400,0.5,0.0,2298,100003,2291,0,0
1704078000,0.54,0.0,2297,100002,2293,0,0
1704078600,0.48,0.0,2295,100001,2290,0,0
1704079200,0.26,0.0,2293,99999,2285,0,0
1704079800,0.16,0.0,2286,99997,2282,0,0
1704080400,0.1,0.0,2282,99996,2280,0,0
1704081000,0.0,0.09,2274,99995,2277,0,0
1704081600,0.0,0.27,2274,99995,2273,0,0
1704082200,0.0,0.2,2275,99995,2277,0,0
1704082800,0.0,0.48,2273,99995,2270,0,0
1704083400,0.0,0.44,2271,99996,2271,0,0
1704084000,0.0,0.35,2271,99996,2275,0,0
1704084600,0.0,0.28,2273,99995,2276,0,0
1704085200,0.0,0.17,2274,99994,2279,0,0
1704085800,0.0,0.17,2278,99994,2279,0,0
1704086400,0.0,0.11,2281,99993,2281,0,0
1704087000,0.0,0.21,2280,99993,2278,0,0
1704087600,0.0,0.19,2278,99993,2278,0,0
1704088200,0.0,0.27,2277,99994,2275,0,0
1704088800,0.0,0.25,2276,99994,2275,0,0
1704089400,0.0,0.19,2276,99994,2277,0,0
1704090000,0.0,0.16,2277,99994,2279,0,0
1704090600,0.0,0.3,2276,99994,2276,0,0
1704091200,0.0,0.22,2277,99993,2279,0,0
1704091800,0.0,0.19,2278,99993,2281,0,0
1704092400,0.0,0.17,2280,99993,2281,0,0
1704093000,0.0,0.07,2284,99992,2284,0,0
1704093600,0.0,0.11,2283,99992,2283,0,0
1704094200,0.0,0.02,2284,99992,2285,0,0
1704094800,0.0,0.02,2286,99992,2286,0,0
1704095400,0.0,0.07,2284,99992,2284,0,0
1704096000,0.0,0.1,2284,99992,2284,0,0
1704096600,0.0,0.12,2285,99992,2284,0,0
1704097200,0.0,0.09,2285,99992,2285,0,0
1704097800,0.0,0.21,2284,99992,2283,0,0
1704098400,0.0,0.3,2282,99992,2280,0,0
1704099000,0.0,0.19,2282,99992,2283,0,0
1704099600,0.0,0.06,2283,99992,2287,0,0
1704100200,0.03,0.0,2289,99992,2289,0,0
1704100800,0.02,0.0,2290,99992,2288,0,0
1704101400,0.04,0.0,2290,99992,2289,0,0
1704102000,0.38,0.0,2294,99992,2297,0,0
1704102600,0.41,0.0,2296,99992,2298,0,0
1704103200,0.4,0.0,2297,99993,2299,0,0
1704103800,0.45,0.0,2299,99993,2299,0,0
1704104400,0.37,0.0,2299,99993,2298,0,0
1704105000,0.44,0.0,2299,99993,2299,0,0
1704105600,0.43,0.0,2299,99993,2299,0,0
1704106200,0.55,0.0,2300,99994,2302,0,0
1704106800,0.53,0.0,2300,99994,2302,0,0
1704107400,0.62,0.0,2301,99994,2304,0,0
1704108000,0.59,0.0,2301,99994,2303,0,0
1704108600,0.54,0.0,2301,99994,2302,0,0
1704109200,0.55,0.0,2301,99994,2301,0,0
1704109800,0.49,0.0,2301,99994,2299,0,0
1704110400,0.67,0.0,2301,99994,2304,0,0
1704111000,0.62,0.0,2302,99994,2302,0,0
1704111600,0.6,0.0,2302,99994,2302,0,0
1704112200,0.63,0.0,2302,99994,2303,0,0
1704112800,0.74,0.0,2302,99994,2306,0,0
1704113400,0.66,0.0,2303,99995,2304,0,0
1704114000,0.43,0.0,2303,99995,2299,0,0
1704114600,0.47,0.0,2302,99994,2301,0,0
1704115200,0.57,0.0,2302,99994,2304,0,0
1704115800,0.61,0.0,2302,99994,2306,0,0
1704116400,0.56,0.0,2303,99995,2304,0,0
1704117000,0.57,0.0,2304,99995,2305,0,0
1704117600,0.5,0.0,2304,99995,2304,0,0
1704118200,0.24,0.0,2299,99993,2300,0,0
1704118800,0.26,0.0,2299,99993,2301,0,0
1704119400,0.16,0.0,2299,99993,2299,0,0
1704120000,0.22,0.0,2301,99993,2301,0,0
1704120600,0.08,0.0,2301,99993,2299,0,0
1704121200,0.09,0.0,2300,99993,2300,0,0
1704121800,0.05,0.0,2301,99993,2301,0,0
1704122400,0.04,0.0,2301,99993,2301,0,0
1704123000,0.17,0.0,2305,99993,2306,0,0
1704123600,0.34,0.0,2308,99994,2310,0,0
1704124200,0.33,0.0,2313,99996,2313,0,0
1704124800,0.37,0.0,2314,99996,2314,0,0
1704125400,0.47,0.0,2315,99996,2316,0,0
1704126000,0.42,0.0,2316,99996,2313,0,0
1704126600,0.18,0.0,2309,99994,2310,0,0
1704127200,0.23,0.0,2311,99994,2313,0,0
1704127800,0.14,0.0,2311,99994,2311,0,0
1704128400,0.1,0.0,2311,99994,2309,0,0
1704129000,0.24,0.0,2310,99993,2311,0,0
1704129600,0.31,0.0,2312,99994,2313,0,0
1704130200,0.39,0.0,2313,99994,2314,0,0
1704130800,0.25,0.0,2313,99994,2311,0,0
1704131400,0.38,0.0,2312,99994,2313,0,0
1704132000,0.41,0.0,2312,99994,2313,0,0
1704132600,0.58,0.0,2318,99996,2323,0,0
1704133200,0.76,0.0,2323,99998,2326,0,0
1704133800,0.79,0.0,2326,100001,2329,0,0
1704134400,0.63,0.0,2326,100000,2325,0,0
1704135000,0.71,0.0,2326,100000,2327,0,0
1704135600,0.64,0.0,2327,100001,2326,0,0
1704136200,0.67,0.0,2327,100001,2327,0,0
1704136800,0.59,0.0,2326,100000,2323,0,0
1704137400,0.79,0.0,2326,100000,2329,0,0
1704138000,0.99,0.0,2328,100001,2333,0,0
1704138600,1.06,0.0,2331,100003,2337,0,0
1704139200,1.01,0.0,2333,100006,2337,0,0
1704139800,1.36,0.0,2338,100010,2346,0,0
1704140400,1.01,0.0,2339,100012,2338,0,0
1704141000,1.13,0.0,2339,100012,2342,0,0
1704141600,1.0,0.0,2340,100012,2339,0,0
1704142200,1.08,0.0,2340,100013,2341,0,0
1704142800,1.05,0.0,2340,100013,2340,0,0
1704143400,1.02,0.0,2341,100013,2341,0,0
1704144000,1.02,0.0,2341,100013,2339,0,0
1704144600,0.94,0.0,2341,100013,2338,0,0
1704145200,0.86,0.0,2340,100011,2336,0,0
1704145800,0.76,0.0,2339,100010,2333,0,0
1704146400,0.94,0.0,2338,100010,2337,0,0
1704147000,0.83,0.0,2338,100009,2334,0,0
1704147600,0.56,0.0,2337,100007,2327,0,0
1704148200,0.7,0.0,2332,100004,2330,0,0
1704148800,0.85,0.0,2332,100004,2334,0,0
1704149400,0.73,0.0,2332,100004,2331,0,0
1704150000,0.83,0.0,2332,100005,2334,0,0
1704150600,0.99,0.0,2334,100006,2338,0,0
1704151200,1.17,0.0,2335,100006,2342,0,0
1704151800,1.41,0.0,2339,100009,2347,0,0
1704152400,1.51,0.0,2342,100013,2349,0,0
1704153000,1.35,0.0,2343,100014,2345,0,0
1704153600,1.59,0.0,2344,100016,2352,0,0
1704154200,1.67,0.0,2347,100019,2351,0,0
1704154800,2.18,0.0,2353,100028,2364,0,0
1704155400,2.32,0.0,2363,100047,2370,0,0
1704156000,2.43,0.0,2367,100056,2373,0,0
1704156600,2.56,0.0,2370,100064,2379,0,0
1704157200,2.99,0.0,2374,100071,2387,0,0
1704157800,3.21,0.0,2380,100083,2391,0,0
1704158400,3.03,0.0,2381,100087,2386,0,0
1704159000,3.05,0.0,2382,100090,2388,0,0
1704159600,2.82,0.0,2382,100091,2378,0,0
1704160200,2.66,0.0,2381,100087,2371,0,0
1704160800,2.9,0.0,2380,100085,2378,0,0
1704161400,2.88,0.0,2380,100084,2379,0,0
1704162000,2.7,0.0,2379,100082,2376,0,0
1704162600,2.81,0.0,2379,100082,2380,0,0
1704163200,2.78,0.0,2379,100082,2380,0,0
1704163800,2.64,0.0,2379,100082,2379,0,0
1704164400,2.71,0.0,2379,100081,2382,0,0
1704165000,2.25,0.0,2379,100079,2372,0,0
1704165600,2.4,0.0,2377,100077,2374,0,0
1704166200,2.48,0.0,2377,100077,2376,0,0
1704166800,2.46,0.0,2377,100076,2376,0,0
1704167400,2.7,0.0,2378,100078,2384,0,0
1704168000,2.8,0.0,2379,100081,2386,0,0
1704168600,2.64,0.0,2380,100082,2381,0,0
1704169200,2.57,0.0,2380,100083,2379,0,0
1704169800,2.72,0.0,2380,100083,2383,0,0
1704170400,2.72,0.0,2380,100083,2383,0,0
1704171000,2.78,0.0,2380,100084,2385,0,0
1704171600,2.96,0.0,2381,100085,2387,0,0
1704172200,3.12,0.0,2382,100085,2389,0,0
1704172800,3.09,0.0,2382,100087,2388,0,0
1704173400,3.11,0.0,2383,100088,2389,0,0
1704174000,2.99,0.0,2383,100089,2386,0,0
1704174600,2.77,0.0,2383,100088,2379,0,0
1704175200,2.74,0.0,2382,100087,2377,0,0
1704175800,2.65,0.0,2381,100084,2376,0,0
1704176400,2.75,0.0,2381,100084,2380,0,0
1704177000,2.81,0.0,2381,100084,2381,0,0
1704177600,2.65,0.0,2381,100083,2377,0,0
1704178200,2.73,0.0,2381,100083,2379,0,0
1704178800,2.57,0.0,2381,100082,2373,0,0
1704179400,2.7,0.0,2380,100081,2378,0,0
1704180000,2.77,0.0,2380,100081,2379,0,0
1704180600,2.91,0.0,2381,100082,2381,0,0
1704181200,2.88,0.0,2381,100081,2383,0,0
1704181800,2.91,0.0,2381,100082,2384,0,0
1704182400,2.99,0.0,2381,100083,2385,0,0
1704183000,2.79,0.0,2382,100084,2383,0,0
1704183600,3.55,0.0,2384,100086,2400,0,0
1704184200,4.45,0.0,2394,100104,2418,0,0
1704184800,5.01,0.0,2402,100128,2425,0,0
1704185400,4.9,0.0,2406,100150,2428,0,0
1704186000,4.71,0.0,2409,100166,2426,0,0
1704186600,4.39,0.0,2410,100177,2419,0,0
1704187200,4.61,0.0,2411,100181,2424,0,0
1704187800,4.7,0.0,2413,100187,2422,0,0
1704188400,4.48,0.0,2414,100192,2416,0,0
1704189000,4.55,0.0,2414,100192,2417,0,0
1704189600,4.36,0.0,2414,100192,2413,0,0
1704190200,4.25,0.0,2414,100191,2410,0,0
1704190800,4.22,0.0,2414,100189,2410,0,0
1704191400,4.08,0.0,2413,100187,2407,0,0
1704192000,4.01,0.0,2412,100182,2403,0,0
1704192600,3.68,0.0,2411,100173,2398,0,0
1704193200,3.52,0.0,2409,100163,2398,0,0
1704193800,3.56,0.0,2408,100160,2399,0,0
1704194400,3.52,0.0,2407,100157,2397,0,0
1704195000,3.57,0.0,2406,100154,2397,0,0
1704195600,3.29,0.0,2405,100147,2387,0,0
1704196200,3.27,0.0,2402,100134,2388,0,0
1704196800,3.34,0.0,2399,100125,2391,0,0
1704197400,3.45,0.0,2398,100123,2395,0,0
1704198000,3.36,0.0,2398,100121,2395,0,0
1704198600,3.52,0.0,2398,100121,2399,0,0
1704199200,3.42,0.0,2398,100122,2397,0,0
1704199800,3.27,0.0,2398,100121,2393,0,0
1704200400,3.11,0.0,2396,100112,2386,0,0
1704201000,3.31,0.0,2394,100109,2392,0,0
1704201600,3.32,0.0,2394,100108,2394,0,0
1704202200,3.33,0.0,2394,100108,2395,0,0
1704202800,3.38,0.0,2394,100108,2396,0,0
1704203400,3.29,0.0,2394,100109,2397,0,0
1704204000,3.34,0.0,2395,100110,2398,0,0
1704204600,3.37,0.0,2395,100111,2398,0,0
1704205200,3.33,0.0,2396,100113,2397,0,0
1704205800,3.0,0.0,2395,100110,2391,0,0
1704206400,2.33,0.0,2391,100094,2377,0,0
1704207000,2.34,0.0,2386,100080,2361,0,0
1704207600,2.4,0.0,2376,100059,2367,0,0
1704208200,2.4,0.0,2372,100049,2369,0,0
1704208800,1.64,0.0,2369,100034,2352,0,0
1704209400,1.82,0.0,2365,100029,2358,0,0
1704210000,2.15,0.0,2364,100028,2366,0,0
1704210600,1.97,0.0,2364,100028,2362,0,0
1704211200,1.8,0.0,2364,100027,2357,0,0
1704211800,1.7,0.0,2362,100022,2353,0,0
1704212400,1.54,0.0,2358,100015,2353,0,0
1704213000,2.03,0.0,2357,100013,2360,0,0
1704213600,2.03,0.0,2358,100015,2362,0,0
1704214200,2.25,0.0,2359,100017,2369,0,0
1704214800,2.25,0.0,2361,100020,2367,0,0
1704215400,2.23,0.0,2361,100021,2366,0,0
1704216000,2.27,0.0,2362,100022,2365,0,0
1704216600,2.15,0.0,2362,100023,2362,0,0
1704217200,1.83,0.0,2360,100018,2355,0,0
1704217800,1.86,0.0,2359,100015,2355,0,0
1704218400,1.89,0.0,2359,100015,2357,0,0
1704219000,1.84,0.0,2360,100017,2357,0,0
1704219600,1.86,0.0,2359,100016,2357,0,0
1704220200,2.09,0.0,2360,100016,2363,0,0
1704220800,2.3,0.0,2361,100018,2366,0,0
1704221400,2.35,0.0,2361,100019,2368,0,0
1704222000,2.25,0.0,2362,100020,2365,0,0
1704222600,2.35,0.0,2363,100022,2369,0,0
1704223200,2.4,0.0,2364,100024,2368,0,0
1704223800,2.0,0.0,2363,100021,2360,0,0
1704224400,1.99,0.0,2363,100022,2362,0,0
1704225000,2.07,0.0,2363,100021,2364,0,0
1704225600,2.26,0.0,2363,100022,2369,0,0
1704226200,2.58,0.0,2366,100024,2376,0,0
1704226800,2.59,0.0,2368,100029,2377,0,0
1704227400,2.27,0.0,2368,100032,2369,0,0
1704228000,2.06,0.0,2368,100031,2362,0,0
1704228600,2.19,0.0,2367,100029,2364,0,0
1704229200,1.89,0.0,2366,100026,2359,0,0
1704229800,1.54,0.0,2360,100013,2354,0,0
1704230400,1.63,0.0,2359,100011,2359,0,0
1704231000,1.31,0.0,2359,100010,2351,0,0
1704231600,1.38,0.0,2358,100009,2355,0,0
1704232200,1.65,0.0,2358,100009,2363,0,0
1704232800,1.78,0.0,2360,100011,2366,0,0
1704233400,1.9,0.0,2362,100013,2372,0,0
1704234000,1.81,0.0,2363,100017,2368,0,0
1704234600,1.73,0.0,2364,100018,2366,0,0
1704235200,1.48,0.0,2363,100016,2360,0,0
1704235800,1.59,0.0,2363,100016,2364,0,0
1704236400,1.43,0.0,2362,100015,2359,0,0
1704237000,1.33,0.0,2360,100012,2355,0,0
1704237600,1.4,0.0,2359,100011,2358,0,0
1704238200,1.47,0.0,2359,100010,2359,0,0
1704238800,1.42,0.0,2359,100010,2355,0,0
1704239400,1.33,0.0,2359,100009,2351,0,0
1704240000,1.43,0.0,2358,100008,2355,0,0
1704240600,1.64,0.0,2358,100008,2360,0,0
1704241200,1.74,0.0,2359,100008,2359,0,0
1704241800,1.43,0.0,2357,100005,2351,0,0
1704242400,1.61,0.0,2357,100005,2358,0,0
1704243000,1.77,0.0,2358,100006,2363,0,0
1704243600,1.59,0.0,2359,100008,2361,0,0
1704244200,1.8,0.0,2360,100009,2365,0,0
1704244800,1.76,0.0,2361,100010,2364,0,0
1704245400,1.95,0.0,2362,100011,2368,0,0
1704246000,1.97,0.0,2362,100012,2368,0,0
1704246600,1.98,0.0,2363,100013,2368,0,0
1704247200,2.24,0.0,2364,100014,2373,0,0
1704247800,2.46,0.0,2366,100016,2376,0,0
1704248400,2.41,0.0,2369,100022,2375,0,0
1704249000,2.57,0.0,2370,100024,2376,0,0
1704249600,2.45,0.0,2371,100026,2371,0,0
1704250200,2.38,0.0,2370,100026,2369,0,0
1704250800,2.32,0.0,2370,100025,2368,0,0
1704251400,2.23,0.0,2370,100025,2364,0,0
1704252000,2.41,0.0,2370,100024,2368,0,0
1704252600,2.41,0.0,2369,100024,2368,0,0
1704253200,2.38,0.0,2369,100023,2366,0,0
1704253800,2.51,0.0,2369,100023,2369,0,0
1704254400,2.43,0.0,2369,100023,2368,0,0
1704255000,2.37,0.0,2369,100022,2365,0,0
1704255600,2.51,0.0,2369,100022,2370,0,0
1704256200,2.58,0.0,2369,100023,2371,0,0
1704256800,2.47,0.0,2369,100022,2366,0,0
1704257400,2.55,0.0,2369,100022,2368,0,0
1704258000,2.62,0.0,2369,100022,2370,0,0
1704258600,2.68,0.0,2369,100022,2371,0,0
1704259200,2.83,0.0,2369,100022,2375,0,0
1704259800,2.83,0.0,2369,100022,2374,0,0
1704260400,2.92,0.0,2370,100023,2376,0,0
1704261000,2.95,0.0,2370,100025,2376,0,0
1704261600,2.9,0.0,2371,100026,2376,0,0
1704262200,2.85,0.0,2371,100028,2375,0,0
1704262800,3.0,0.0,2372,100028,2379,0,0
1704263400,3.06,0.0,2372,100029,2380,0,0
1704264000,3.05,0.0,2373,100030,2379,0,0
1704264600,2.98,0.0,2373,100031,2377,0,0
1704265200,2.93,0.0,2373,100032,2375,0,0
1704265800,3.0,0.0,2373,100032,2377,0,0
1704266400,3.0,0.0,2373,100033,2377,0,0
1704267000,3.05,0.0,2374,100034,2378,0,0
1704267600,3.05,0.0,2374,100034,2376,0,0
1704268200,2.47,0.0,2373,100027,2364,0,0
1704268800,2.32,0.0,2370,100021,2361,0,0
1704269400,2.39,0.0,2369,100018,2365,0,0
1704270000,2.49,0.0,2369,100017,2368,0,0
1704270600,2.48,0.0,2369,100017,2368,0,0
1704271200,2.52,0.0,2369,100017,2368,0,0
1704271800,2.41,0.0,2368,100016,2366,0,0
1704272400,2.56,0.0,2368,100016,2370,0,0
1704273000,2.59,0.0,2369,100016,2372,0,0
1704273600,2.66,0.0,2369,100018,2374,0,0
1704274200,2.74,0.0,2370,100019,2377,0,0
1704274800,3.03,0.0,2372,100021,2384,0,0
1704275400,2.78,0.0,2372,100025,2376,0,0
1704276000,2.8,0.0,2373,100026,2376,0,0
1704276600,2.99,0.0,2373,100027,2380,0,0
1704277200,2.91,0.0,2374,100028,2377,0,0
1704277800,2.79,0.0,2374,100028,2373,0,0
1704278400,2.47,0.0,2373,100026,2366,0,0
1704279000,2.38,0.0,2372,100021,2364,0,0
1704279600,2.46,0.0,2371,100019,2364,0,0
1704280200,1.98,0.0,2369,100011,2354,0,0
1704280800,1.59,0.0,2358,99985,2345,0,0
1704281400,1.3,0.0,2348,99965,2334,0,0
1704282000,1.32,0.0,2341,99956,2335,0,0
1704282600,0.84,0.0,2337,99947,2326,0,0
1704283200,0.0,0.13,2306,99932,2307,0,0
1704283800,0.0,1.54,2224,99962,2137,0,0
1704284400,0.0,1.23,2197,100016,2186,0,0
1704285000,0.0,0.65,2199,100014,2203,0,0
1704285600,0.0,1.1,2202,100009,2201,0,0
1704286200,0.0,0.14,2218,99998,2221,0,0
1704286800,0.0,0.17,2245,99993,2248,0,0
1704287400,0.0,0.68,2229,99997,2230,0,0
1704288000,0.0,0.43,2230,99996,2228,0,0
1704288600,0.0,0.25,2222,99998,2222,0,0
1704289200,0.19,0.0,2230,99997,2231,0,0
1704289800,0.0,0.54,2217,99996,2213,0,0
1704290400,0.0,0.36,2214,99995,2223,0,0
1704291000,0.0,0.66,2214,99996,2214,0,0
1704291600,0.0,0.82,2206,100000,2207,0,0
1704292200,0.0,1.02,2201,100004,2197,0,0
1704292800,0.0,0.99,2199,100005,2197,0,0
1704293400,0.0,1.04,2200,100003,2199,0,0
1704294000,0.0,1.44,2197,100006,2193,0,0
1704294600,0.0,0.82,2199,100002,2206,0,0
1704295200,0.0,0.82,2204,99997,2208,0,0
1704295800,0.0,0.59,2209,99992,2215,0,0
1704296400,0.0,0.47,2214,99987,2216,0,0
1704297000,0.0,0.46,2215,99987,2217,0,0
1704297600,0.0,0.05,2235,99979,2240,0,0
1704298200,0.0,0.93,2237,99979,2231,0,0
1704298800,0.0,1.17,2234,99982,2231,0,0
1704299400,0.0,0.73,2232,99982,2241,0,0
1704300000,0.0,0.99,2235,99981,2232,0,0
1704300600,0.0,0.95,2231,99984,2231,0,0
1704301200,0.0,1.3,2230,99985,2231,0,0
1704301800,0.0,1.67,2227,99988,2224,0,0
1704302400,0.0,1.99,2224,99992,2218,0,0
1704303000,0.0,1.79,2223,99993,2223,0,0
1704303600,0.0,2.1,2223,99993,2222,0,0
1704304200,0.0,2.14,2222,99995,2217,0,0
1704304800,0.0,1.87,2220,99998,2223,0,0
1704305400,0.0,2.01,2221,99996,2221,0,0
1704306000,0.0,1.95,2221,99996,2222,0,0
1704306600,0.0,2.31,2219,99999,2211,0,0
1704307200,0.0,2.24,2215,100008,2210,0,0
1704307800,0.0,2.69,2212,100012,2204,0,0
1704308400,0.0,2.96,2207,100023,2198,0,0
1704309000,0.0,2.66,2205,100027,2207,0,0
1704309600,0.0,2.47,2206,100025,2208,0,0
1704310200,0.0,2.38,2207,100021,2213,0,0
1704310800,0.0,2.3,2211,100012,2218,0,0
1704311400,0.0,2.46,2212,100010,2211,0,0
1704312000,0.0,2.53,2211,100013,2206,0,0
1704312600,0.0,2.43,2210,100015,2208,0,0
1704313200,0.0,2.28,2210,100014,2215,0,0
1704313800,0.0,2.29,2211,100012,2215,0,0
1704314400,0.0,2.05,2212,100008,2222,0,0
1704315000,0.0,2.25,2214,100005,2218,0,0
1704315600,0.0,2.28,2215,100003,2218,0,0
1704316200,0.0,2.34,2215,100001,2214,0,0
1704316800,0.0,2.23,2216,100000,2221,0,0
1704317400,0.0,2.35,2217,99998,2221,0,0
1704318000,0.0,2.24,2218,99995,2222,0,0
1704318600,0.0,2.19,2218,99993,2226,0,0
1704319200,0.0,2.15,2220,99990,2226,0,0
1704319800,0.0,2.26,2220,99989,2222,0,0
1704320400,0.0,2.36,2220,99989,2219,0,0
1704321000,0.0,2.84,2219,99991,2210,0,0
1704321600,0.0,3.15,2217,99992,2205,0,0
1704322200,0.0,2.97,2216,99998,2208,0,0
1704322800,0.0,3.08,2215,99999,2205,0,0
1704323400,0.0,3.15,2212,100007,2200,0,0
1704324000,0.0,3.1,2210,100015,2201,0,0
1704324600,0.0,3.0,2209,100017,2205,0,0
1704325200,0.0,3.0,2209,100019,2205,0,0
1704325800,0.0,2.85,2209,100019,2209,0,0
1704326400,0.0,2.81,2209,100019,2209,0,0
1704327000,0.0,2.81,2209,100019,2214,0,0
1704327600,0.0,2.64,2210,100015,2217,0,0
1704328200,0.0,3.0,2210,100015,2209,0,0
1704328800,0.0,2.94,2210,100015,2212,0,0
1704329400,0.0,3.02,2210,100015,2208,0,0
1704330000,0.0,2.9,2210,100015,2210,0,0
1704330600,0.0,3.04,2210,100014,2208,0,0
1704331200,0.0,3.03,2210,100015,2208,0,0
1704331800,0.0,2.84,2209,100018,2207,0,0
1704332400,0.0,2.99,2209,100019,2207,0,0
1704333000,0.0,2.85,2208,100019,2213,0,0
1704333600,0.0,3.15,2208,100020,2205,0,0
1704334200,0.0,2.93,2208,100020,2211,0,0
1704334800,0.0,2.55,2210,100013,2221,0,0
1704335400,0.0,2.56,2211,100009,2221,0,0
1704336000,0.0,2.59,2213,100005,2222,0,0
1704336600,0.0,2.5,2215,100000,2226,0,0
1704337200,0.0,2.11,2216,99992,2231,0,0
1704337800,0.0,1.95,2218,99985,2237,0,0
1704338400,0.0,2.04,2222,99978,2234,0,0
1704339000,0.0,2.34,2224,99975,2227,0,0
1704339600,0.0,2.31,2224,99974,2227,0,0
1704340200,0.0,2.24,2225,99973,2230,0,0
1704340800,0.0,2.26,2225,99971,2231,0,0
1704341400,0.0,2.24,2226,99969,2233,0,0
1704342000,0.0,2.31,2227,99968,2232,0,0
1704342600,0.0,2.12,2228,99964,2237,0,0
1704343200,0.0,2.28,2229,99963,2233,0,0
1704343800,0.0,2.14,2230,99960,2237,0,0
1704344400,0.0,2.05,2230,99958,2237,0,0
1704345000,0.0,1.99,2232,99956,2239,0,0
1704345600,0.0,2.05,2233,99954,2237,0,0
1704346200,0.0,2.26,2233,99953,2233,0,0
1704346800,0.0,1.88,2233,99950,2243,0,0
1704347400,0.0,2.1,2235,99948,2236,0,0
1704348000,0.0,2.11,2235,99948,2235,0,0
1704348600,0.0,2.05,2235,99947,2236,0,0
1704349200,0.0,2.14,2236,99946,2236,0,0
1704349800,0.0,2.1,2236,99946,2237,0,0
1704350400,0.0,1.85,2236,99945,2244,0,0
1704351000,0.0,2.01,2237,99943,2238,0,0
1704351600,0.0,2.03,2237,99943,2238,0,0
1704352200,0.0,2.18,2237,99942,2235,0,0
1704352800,0.0,2.54,2236,99944,2229,0,0
1704353400,0.0,2.45,2235,99947,2231,0,0
1704354000,0.0,2.61,2234,99948,2228,0,0
1704354600,0.0,2.84,2232,99952,2224,0,0
1704355200,0.0,3.0,2229,99957,2221,0,0
1704355800,0.0,3.18,2228,99960,2216,0,0
1704356400,0.0,3.13,2225,99969,2215,0,0
1704357000,0.0,2.94,2224,99972,2222,0,0
1704357600,0.0,3.36,2222,99976,2212,0,0
1704358200,0.0,3.29,2221,99980,2214,0,0
1704358800,0.0,3.22,2221,99982,2215,0,0
1704359400,0.0,3.27,2220,99983,2218,0,0
1704360000,0.0,3.25,2220,99985,2217,0,0
1704360600,0.0,3.13,2220,99985,2221,0,0
1704361200,0.0,2.89,2221,99981,2223,0,0
1704361800,0.0,2.93,2221,99980,2223,0,0
1704362400,0.0,2.9,2222,99978,2223,0,0
1704363000,0.0,3.06,2222,99978,2219,0,0
1704363600,0.0,3.38,2220,99980,2212,0,0
1704364200,0.0,3.34,2218,99987,2210,0,0
1704364800,0.0,2.82,2218,99990,2219,0,0
1704365400,0.0,2.82,2218,99988,2221,0,0
1704366000,0.0,2.9,2218,99987,2222,0,0
1704366600,0.0,2.92,2219,99985,2221,0,0
1704367200,0.0,3.03,2219,99985,2220,0,0
1704367800,0.0,2.89,2220,99983,2224,0,0
1704368400,0.0,2.86,2221,99979,2225,0,0
1704369000,0.0,2.86,2222,99977,2226,0,0
1704369600,0.0,2.73,2222,99975,2228,0,0
1704370200,0.0,2.79,2223,99974,2227,0,0
1704370800,0.0,2.44,2225,99963,2236,0,0
1704371400,0.0,2.69,2228,99959,2230,0,0
1704372000,0.0,2.47,2229,99955,2236,0,0
1704372600,0.0,2.4,2230,99951,2237,0,0
1704373200,0.0,2.39,2231,99949,2235,0,0
1704373800,0.0,2.5,2231,99948,2232,0,0
1704374400,0.0,2.53,2232,99946,2235,0,0
1704375000,0.0,2.6,2232,99945,2236,0,0
1704375600,0.0,2.69,2233,99944,2234,0,0
1704376200,0.0,2.56,2233,99943,2238,0,0
1704376800,0.0,2.56,2235,99937,2238,0,0
1704377400,0.0,2.75,2235,99937,2234,0,0
1704378000,0.0,2.57,2235,99936,2240,0,0
1704378600,0.0,2.65,2236,99934,2236,0,0
1704379200,0.0,2.76,2235,99935,2234,0,0
1704379800,0.0,2.01,2239,99920,2249,0,0
1704380400,0.0,1.14,2250,99887,2273,0,0
1704381000,0.0,0.9,2262,99871,2268,0,0
1704381600,0.0,0.61,2267,99864,2273,0,0
1704382200,0.0,0.55,2272,99860,2279,0,0
1704382800,0.0,0.51,2279,99855,2280,0,0
1704383400,0.0,0.76,2274,99858,2271,0,0
1704384000,0.0,0.53,2274,99857,2276,0,0
1704384600,0.0,0.96,2273,99858,2269,0,0
1704385200,0.0,0.99,2270,99860,2270,0,0
1704385800,0.0,1.13,2268,99862,2262,0,0
1704386400,0.0,1.0,2265,99865,2263,0,0
1704387000,0.0,0.8,2264,99865,2267,0,0
1704387600,0.0,0.74,2267,99863,2269,0,0
1704388200,0.0,0.44,2269,99860,2278,0,0
1704388800,0.0,0.19,2285,99853,2283,0,0
1704389400,0.0,0.23,2281,99854,2279,0,0
1704390000,0.0,0.2,2280,99854,2278,0,0
1704390600,0.0,0.61,2273,99855,2272,0,0
1704391200,0.0,0.54,2273,99855,2274,0,0
1704391800,0.0,0.46,2275,99854,2275,0,0
1704392400,0.0,0.5,2274,99854,2273,0,0
1704393000,0.0,0.56,2273,99854,2272,0,0
1704393600,0.0,0.48,2273,99854,2275,0,0
1704394200,0.0,0.45,2275,99853,2277,0,0
1704394800,0.0,0.59,2275,99853,2273,0,0
1704395400,0.0,0.35,2277,99852,2279,0,0
1704396000,0.0,0.01,2288,99849,2288,0,0
1704396600,0.0,0.24,2289,99849,2288,0,0
1704397200,0.0,0.66,2280,99851,2276,0,0
1704397800,0.0,0.87,2276,99853,2275,0,0
1704398400,0.0,0.94,2276,99853,2274,0,0
1704399000,0.0,0.93,2276,99853,2274,0,0
1704399600,0.0,0.87,2275,99853,2276,0,0
1704400200,0.0,0.7,2277,99852,2279,0,0
1704400800,0.0,0.71,2284,99848,2289,0,0
1704401400,0.0,1.08,2284,99847,2280,0,0
1704402000,0.0,1.59,2280,99850,2273,0,0
1704402600,0.0,1.14,2280,99849,2287,0,0
1704403200,0.0,1.51,2281,99850,2278,0,0
1704403800,0.0,1.31,2281,99849,2284,0,0
1704404400,0.0,1.56,2280,99850,2277,0,0
1704405000,0.0,1.64,2278,99853,2273,0,0
1704405600,0.0,1.69,2277,99855,2273,0,0
1704406200,0.0,1.65,2276,99856,2273,0,0
1704406800,0.0,1.22,2277,99854,2284,0,0
1704407400,0.0,1.67,2278,99853,2273,0,0
1704408000,0.0,1.7,2275,99857,2271,0,0
1704408600,0.0,1.87,2273,99860,2265,0,0
1704409200,0.0,1.68,2273,99862,2270,0,0
1704409800,0.0,1.74,2272,99862,2269,0,0
1704410400,0.0,1.59,2272,99863,2272,0,0
1704411000,0.0,1.49,2272,99863,2275,0,0
1704411600,0.0,1.68,2272,99863,2270,0,0
1704412200,0.0,1.68,2271,99864,2269,0,0
1704412800,0.0,1.79,2271,99864,2267,0,0
1704413400,0.0,1.78,2270,99866,2266,0,0
1704414000,0.0,1.62,2270,99867,2270,0,0
1704414600,0.0,1.56,2270,99866,2271,0,0
1704415200,0.0,1.87,2268,99868,2263,0,0
1704415800,0.0,1.72,2267,99869,2267,0,0
1704416400,0.0,1.78,2267,99869,2267,0,0
1704417000,0.0,1.88,2267,99869,2266,0,0
1704417600,0.0,2.28,2265,99872,2258,0,0
1704418200,0.0,2.33,2263,99875,2256,0,0
1704418800,0.0,2.55,2261,99879,2255,0,0
1704419400,0.0,3.02,2255,99892,2230,0,0
1704420000,0.0,2.75,2246,99921,2237,0,0
1704420600,0.0,2.77,2246,99923,2241,0,0
1704421200,0.0,2.95,2244,99926,2241,0,0
1704421800,0.0,3.45,2242,99928,2231,0,0
1704422400,0.0,2.98,2242,99931,2243,0,0
1704423000,0.0,3.0,2242,99930,2242,0,0
1704423600,0.0,3.15,2242,99931,2240,0,0
1704424200,0.0,2.93,2242,99928,2242,0,0
1704424800,0.0,2.82,2243,99927,2244,0,0
1704425400,0.0,2.74,2243,99927,2246,0,0
1704426000,0.0,2.79,2243,99926,2244,0,0
1704426600,0.0,2.94,2243,99926,2240,0,0
1704427200,0.0,2.87,2243,99927,2242,0,0
1704427800,0.0,3.13,2242,99927,2236,0,0
1704428400,0.0,3.05,2241,99930,2238,0,0
1704429000,0.0,3.09,2241,99931,2242,0,0
1704429600,0.0,3.17,2241,99931,2242,0,0
1704430200,0.0,3.0,2241,99929,2246,0,0
1704430800,0.0,3.15,2242,99928,2243,0,0
1704431400,0.0,3.07,2242,99928,2245,0,0
1704432000,0.0,3.09,2242,99927,2245,0,0
1704432600,0.0,3.09,2242,99927,2245,0,0
1704433200,0.0,2.99,2242,99926,2247,0,0
1704433800,0.0,3.05,2242,99925,2247,0,0
1704434400,0.0,3.12,2243,99925,2246,0,0
1704435000,0.0,2.97,2243,99923,2250,0,0
1704435600,0.0,3.02,2243,99922,2248,0,0
1704436200,0.0,3.19,2243,99922,2241,0,0
1704436800,0.0,3.13,2243,99922,2244,0,0
1704437400,0.0,2.81,2244,99919,2253,0,0
1704438000,0.0,2.67,2245,99913,2255,0,0
1704438600,0.0,2.37,2248,99903,2264,0,0
1704439200,0.0,2.55,2251,99898,2261,0,0
1704439800,0.0,2.43,2252,99894,2264,0,0
1704440400,0.0,2.54,2253,99891,2257,0,0
1704441000,0.0,2.56,2254,99890,2254,0,0
1704441600,0.0,2.62,2254,99890,2252,0,0
1704442200,0.0,2.58,2254,99890,2253,0,0
1704442800,0.0,2.54,2254,99890,2254,0,0
1704443400,0.0,2.47,2254,99889,2256,0,0
1704444000,0.0,2.69,2254,99889,2253,0,0
1704444600,0.0,2.87,2253,99889,2252,0,0
1704445200,0.0,2.92,2253,99890,2252,0,0
1704445800,0.0,2.57,2256,99880,2260,0,0
1704446400,0.0,2.58,2257,99878,2259,0,0
1704447000,0.0,2.61,2257,99878,2259,0,0
1704447600,0.0,2.57,2258,99876,2264,0,0
1704448200,0.0,2.68,2259,99874,2261,0,0
1704448800,0.0,2.55,2259,99873,2264,0,0
1704449400,0.0,2.71,2260,99871,2261,0,0
1704450000,0.0,2.71,2260,99871,2261,0,0
1704450600,0.0,2.76,2260,99872,2257,0,0
1704451200,0.0,2.91,2258,99874,2254,0,0
1704451800,0.0,2.88,2258,99875,2254,0,0
1704452400,0.0,3.67,2254,99881,2240,0,0
1704453000,0.0,3.41,2253,99888,2246,0,0
1704453600,0.0,3.58,2251,99892,2245,0,0
1704454200,0.0,3.67,2250,99894,2244,0,0
1704454800,0.0,3.76,2249,99897,2242,0,0
1704455400,0.0,3.81,2248,99901,2240,0,0
1704456000,0.0,3.75,2248,99903,2241,0,0
1704456600,0.0,3.91,2246,99906,2238,0,0
1704457200,0.0,3.72,2246,99909,2244,0,0
1704457800,0.0,3.4,2246,99908,2248,0,0
1704458400,0.0,3.47,2246,99907,2248,0,0
1704459000,0.0,3.67,2246,99908,2243,0,0
1704459600,0.0,3.8,2246,99909,2242,0,0
1704460200,0.0,3.65,2246,99909,2246,0,0
1704460800,0.0,3.49,2246,99908,2250,0,0
1704461400,0.0,3.71,2246,99907,2246,0,0
1704462000,0.0,4.18,2245,99910,2241,0,0
1704462600,0.0,4.15,2244,99912,2240,0,0
1704463200,0.0,3.92,2244,99913,2247,0,0
1704463800,0.0,4.18,2244,99911,2242,0,0
1704464400,0.0,4.17,2244,99914,2238,0,0
1704465000,0.0,4.09,2242,99922,2233,0,0
1704465600,0.0,4.16,2240,99929,2233,0,0
1704466200,0.0,3.78,2239,99936,2241,0,0
1704466800,0.0,4.41,2237,99938,2226,0,0
1704467400,0.0,3.97,2237,99942,2238,0,0
1704468000,0.0,4.21,2237,99941,2231,0,0
1704468600,0.0,4.46,2236,99945,2229,0,0
1704469200,0.0,4.27,2235,99947,2233,0,0
1704469800,0.0,4.44,2234,99952,2225,0,0
1704470400,0.0,4.38,2231,99964,2224,0,0
1704471000,0.0,4.34,2230,99968,2225,0,0
1704471600,0.0,4.4,2230,99968,2227,0,0
1704472200,0.0,4.62,2229,99973,2223,0,0
1704472800,0.0,4.58,2228,99976,2225,0,0
1704473400,0.0,4.9,2227,99979,2217,0,0
1704474000,0.0,5.38,2224,99987,2211,0,0
1704474600,0.0,5.93,2221,99996,2208,0,0
1704475200,0.0,5.66,2221,100001,2219,0,0
1704475800,0.0,5.7,2221,100002,2219,0,0
1704476400,0.0,5.56,2221,100001,2227,0,0
1704477000,0.0,5.58,2221,99996,2227,0,0
1704477600,0.0,5.4,2222,99992,2232,0,0
1704478200,0.0,5.23,2222,99987,2230,0,0
1704478800,0.0,5.24,2223,99984,2227,0,0
1704479400,0.0,5.07,2223,99982,2228,0,0
1704480000,0.0,4.81,2224,99978,2235,0,0
1704480600,0.0,4.72,2224,99973,2236,0,0
1704481200,0.0,4.81,2225,99969,2233,0,0
1704481800,0.0,4.75,2226,99966,2234,0,0
1704482400,0.0,4.64,2226,99963,2234,0,0
1704483000,0.0,4.6,2227,99961,2233,0,0
1704483600,0.0,4.64,2227,99958,2234,0,0
1704484200,0.0,4.57,2228,99953,2236,0,0
1704484800,0.0,4.66,2229,99951,2234,0,0
1704485400,0.0,4.48,2229,99948,2236,0,0
1704486000,0.0,4.56,2230,99946,2236,0,0
1704486600,0.0,4.54,2230,99944,2236,0,0
1704487200,0.0,4.48,2231,99942,2239,0,0
1704487800,0.0,4.55,2231,99940,2240,0,0
1704488400,0.0,4.35,2234,99924,2248,0,0
1704489000,0.0,4.54,2236,99919,2236,0,0
1704489600,0.0,4.37,2236,99917,2241,0,0
1704490200,0.0,4.38,2236,99914,2242,0,0
1704490800,0.0,4.43,2237,99912,2240,0,0
1704491400,0.0,4.41,2237,99911,2242,0,0
1704492000,0.0,4.25,2237,99909,2246,0,0
1704492600,0.0,4.07,2238,99905,2249,0,0
1704493200,0.0,4.23,2239,99903,2244,0,0
1704493800,0.0,4.32,2239,99903,2242,0,0
1704494400,0.0,4.3,2239,99902,2241,0,0
1704495000,0.0,4.38,2239,99902,2239,0,0
1704495600,0.0,4.21,2239,99901,2247,0,0
1704496200,0.0,3.82,2244,99875,2268,0,0
1704496800,0.0,4.13,2250,99857,2265,0,0
1704497400,0.0,4.01,2252,99846,2268,0,0
1704498000,0.0,4.08,2254,99841,2265,0,0
1704498600,0.0,4.18,2254,99839,2262,0,0
1704499200,0.0,4.01,2255,99835,2268,0,0
1704499800,0.0,4.11,2256,99830,2268,0,0
1704500400,0.0,4.21,2258,99825,2264,0,0
1704501000,0.0,4.18,2258,99823,2262,0,0
1704501600,0.0,4.26,2259,99821,2260,0,0
1704502200,0.0,4.27,2259,99821,2260,0,0
1704502800,0.0,4.18,2259,99821,2262,0,0
1704503400,0.0,4.29,2259,99820,2259,0,0
1704504000,0.0,4.31,2259,99820,2258,0,0
1704504600,0.0,4.33,2259,99822,2256,0,0
1704505200,0.0,4.26,2259,99822,2259,0,0
1704505800,0.0,4.31,2258,99822,2256,0,0
1704506400,0.0,4.29,2258,99822,2254,0,0
1704507000,0.0,4.39,2258,99823,2254,0,0
1704507600,0.0,4.5,2258,99825,2252,0,0
1704508200,0.0,4.47,2257,99826,2254,0,0
1704508800,0.0,4.39,2257,99826,2257,0,0
1704509400,0.0,4.44,2257,99826,2256,0,0
1704510000,0.0,4.5,2257,99826,2255,0,0
1704510600,0.0,4.63,2257,99827,2252,0,0
1704511200,0.0,4.56,2257,99828,2254,0,0
1704511800,0.0,4.52,2257,99828,2254,0,0
1704512400,0.0,4.52,2257,99829,2253,0,0
1704513000,0.0,4.61,2257,99829,2251,0,0
1704513600,0.0,4.52,2256,99830,2252,0,0
1704514200,0.0,4.44,2256,99830,2254,0,0
1704514800,0.0,4.53,2256,99830,2250,0,0
1704515400,0.0,4.51,2256,99831,2252,0,0
1704516000,0.0,4.57,2256,99832,2250,0,0
1704516600,0.0,4.63,2256,99833,2249,0,0
1704517200,0.0,4.67,2255,99835,2246,0,0
1704517800,0.0,4.64,2255,99837,2248,0,0
1704518400,0.0,4.78,2254,99840,2243,0,0
1704519000,0.0,5.11,2251,99847,2236,0,0
1704519600,0.0,4.95,2251,99852,2242,0,0
1704520200,0.0,5.23,2250,99855,2236,0,0
1704520800,0.0,5.27,2248,99864,2235,0,0
1704521400,0.0,5.39,2246,99869,2231,0,0
1704522000,0.0,5.41,2245,99876,2231,0,0
1704522600,0.0,5.67,2243,99885,2227,0,0
1704523200,0.0,5.46,2241,99894,2229,0,0
1704523800,0.0,5.6,2239,99904,2225,0,0
1704524400,0.0,5.73,2237,99915,2219,0,0
1704525000,0.0,5.65,2235,99928,2222,0,0
1704525600,0.0,5.42,2234,99935,2227,0,0
1704526200,0.0,5.34,2234,99937,2230,0,0
1704526800,0.0,5.36,2233,99938,2230,0,0
1704527400,0.0,5.35,2233,99939,2230,0,0
1704528000,0.0,5.26,2233,99939,2233,0,0
1704528600,0.0,5.36,2233,99940,2230,0,0
1704529200,0.0,5.22,2233,99941,2233,0,0
1704529800,0.0,5.05,2233,99940,2237,0,0
1704530400,0.0,5.13,2233,99940,2232,0,0
1704531000,0.0,5.11,2233,99940,2233,0,0
1704531600,0.0,4.94,2233,99940,2237,0,0
1704532200,0.0,4.93,2233,99940,2236,0,0
1704532800,0.0,4.91,2233,99939,2237,0,0
1704533400,0.0,4.86,2233,99939,2238,0,0
1704534000,0.0,4.87,2233,99938,2236,0,0
1704534600,0.0,4.83,2233,99938,2237,0,0
1704535200,0.0,4.92,2233,99938,2234,0,0
1704535800,0.0,5.12,2233,99938,2231,0,0
1704536400,0.0,5.0,2233,99938,2232,0,0
1704537000,0.0,4.9,2233,99938,2235,0,0
1704537600,0.0,4.79,2233,99938,2237,0,0
1704538200,0.0,4.84,2233,99937,2235,0,0
1704538800,0.0,4.89,2234,99937,2235,0,0
1704539400,0.0,5.01,2234,99937,2232,0,0
1704540000,0.0,4.92,2234,99937,2235,0,0
1704540600,0.0,4.9,2234,99937,2237,0,0
1704541200,0.0,4.97,2234,99937,2234,0,0
1704541800,0.0,4.93,2234,99936,2236,0,0
1704542400,0.0,4.86,2234,99936,2238,0,0
1704543000,0.0,4.82,2234,99934,2239,0,0
1704543600,0.0,4.84,2234,99933,2239,0,0
1704544200,0.0,4.92,2234,99933,2237,0,0
1704544800,0.0,5.07,2234,99933,2234,0,0
1704545400,0.0,5.32,2234,99933,2230,0,0
1704546000,0.0,5.17,2234,99934,2232,0,0
1704546600,0.0,5.22,2234,99935,2230,0,0
1704547200,0.0,5.07,2234,99935,2235,0,0
1704547800,0.0,5.1,2234,99935,2234,0,0
1704548400,0.0,5.12,2234,99935,2234,0,0
1704549000,0.0,4.96,2234,99934,2238,0,0
1704549600,0.0,4.94,2234,99934,2237,0,0
1704550200,0.0,4.87,2234,99933,2239,0,0
1704550800,0.0,4.69,2235,99930,2245,0,0
1704551400,0.0,4.72,2235,99928,2244,0,0
1704552000,0.0,4.61,2236,99924,2246,0,0
1704552600,0.0,4.92,2236,99924,2238,0,0
1704553200,0.0,4.86,2236,99923,2240,0,0
1704553800,0.0,4.84,2236,99922,2241,0,0
1704554400,0.0,4.77,2237,99919,2244,0,0
1704555000,0.0,4.74,2237,99919,2245,0,0
1704555600,0.0,4.79,2237,99916,2243,0,0
1704556200,0.0,4.77,2238,99915,2244,0,0
1704556800,0.0,4.68,2238,99913,2246,0,0
1704557400,0.0,4.63,2238,99912,2247,0,0
1704558000,0.0,4.82,2239,99910,2244,0,0
1704558600,0.0,4.8,2239,99908,2245,0,0
1704559200,0.0,4.78,2239,99907,2244,0,0
1704559800,0.0,4.69,2240,99905,2245,0,0
1704560400,0.0,4.7,2240,99905,2245,0,0
1704561000,0.0,4.77,2240,99904,2244,0,0
1704561600,0.0,4.75,2240,99903,2244,0,0
1704562200,0.0,4.75,2240,99903,2243,0,0
1704562800,0.0,4.51,2240,99901,2249,0,0
1704563400,0.0,4.41,2241,99898,2251,0,0
1704564000,0.0,4.5,2241,99896,2248,0,0
1704564600,0.0,4.61,2242,99896,2245,0,0
1704565200,0.0,4.54,2242,99895,2247,0,0
1704565800,0.0,4.41,2242,99893,2249,0,0
1704566400,0.0,4.46,2242,99892,2248,0,0
1704567000,0.0,4.31,2242,99890,2252,0,0
1704567600,0.0,4.58,2243,99888,2246,0,0
1704568200,0.0,4.73,2243,99888,2244,0,0
1704568800,0.0,5.02,2243,99888,2238,0,0
1704569400,0.0,4.92,2243,99889,2241,0,0
1704570000,0.0,4.89,2243,99889,2243,0,0
1704570600,0.0,4.82,2243,99889,2243,0,0
1704571200,0.0,4.76,2243,99889,2244,0,0
1704571800,0.0,4.85,2243,99889,2243,0,0
1704572400,0.0,4.75,2243,99891,2242,0,0
1704573000,0.0,4.75,2243,99891,2243,0,0
1704573600,0.0,4.72,2243,99891,2244,0,0
1704574200,0.0,4.85,2243,99891,2240,0,0
1704574800,0.0,4.81,2243,99891,2241,0,0
1704575400,0.0,5.02,2242,99893,2238,0,0
1704576000,0.0,5.05,2242,99893,2239,0,0
1704576600,0.0,5.0,2242,99894,2239,0,0
1704577200,0.0,5.01,2242,99894,2238,0,0
1704577800,0.0,4.9,2242,99894,2240,0,0
1704578400,0.0,4.9,2242,99895,2240,0,0
1704579000,0.0,4.96,2242,99895,2238,0,0
1704579600,0.0,4.88,2241,99896,2240,0,0
1704580200,0.0,5.04,2241,99896,2237,0,0
1704580800,0.0,5.1,2241,99898,2234,0,0
1704581400,0.0,4.97,2241,99899,2237,0,0
1704582000,0.0,4.97,2241,99900,2237,0,0
1704582600,0.0,5.15,2240,99902,2231,0,0
1704583200,0.0,4.99,2239,99906,2235,0,0
1704583800,0.0,5.04,2239,99906,2236,0,0
1704584400,0.0,4.95,2239,99906,2238,0,0
1704585000,0.0,4.91,2239,99906,2240,0,0
1704585600,0.0,4.93,2239,99906,2240,0,0
1704586200,0.0,5.0,2239,99906,2239,0,0
1704586800,0.0,4.83,2239,99906,2243,0,0
1704587400,0.0,4.9,2239,99905,2242,0,0
1704588000,0.0,4.61,2240,99902,2249,0,0
1704588600,0.0,4.57,2240,99900,2251,0,0
1704589200,0.0,4.73,2241,99897,2249,0,0
1704589800,0.0,4.75,2242,99893,2250,0,0
1704590400,0.0,4.75,2242,99891,2251,0,0
1704591000,0.0,4.82,2243,99889,2250,0,0
1704591600,0.0,4.9,2243,99888,2248,0,0
1704592200,0.0,4.98,2243,99887,2245,0,0
1704592800,0.0,5.13,2243,99887,2241,0,0
1704593400,0.0,5.0,2243,99887,2246,0,0
1704594000,0.0,4.95,2243,99886,2247,0,0
1704594600,0.0,4.96,2243,99886,2247,0,0
1704595200,0.0,5.26,2243,99885,2237,0,0
1704595800,0.0,5.3,2243,99887,2236,0,0
1704596400,0.0,5.13,2243,99889,2240,0,0
1704597000,0.0,4.97,2243,99889,2244,0,0
1704597600,0.0,4.97,2243,99888,2246,0,0
1704598200,0.0,5.03,2243,99888,2242,0,0
1704598800,0.0,5.1,2243,99888,2242,0,0
1704599400,0.0,5.13,2243,99889,2242,0,0
1704600000,0.0,5.12,2243,99889,2242,0,0
1704600600,0.0,5.02,2243,99888,2246,0,0
1704601200,0.0,5.09,2243,99888,2244,0,0
1704601800,0.0,5.03,2243,99888,2245,0,0
1704602400,0.0,4.98,2243,99887,2246,0,0
1704603000,0.0,4.94,2243,99887,2248,0,0
1704603600,0.0,4.87,2243,99886,2248,0,0
1704604200,0.0,4.88,2243,99885,2248,0,0
1704604800,0.0,4.9,2243,99885,2248,0,0
1704605400,0.0,4.99,2244,99885,2245,0,0
1704606000,0.0,5.09,2244,99885,2242,0,0
1704606600,0.0,4.99,2244,99885,2245,0,0
1704607200,0.0,5.1,2244,99884,2242,0,0
1704607800,0.0,5.01,2244,99884,2244,0,0
1704608400,0.0,4.86,2244,99883,2249,0,0
1704609000,0.0,4.98,2244,99883,2247,0,0
1704609600,0.0,5.03,2244,99883,2246,0,0
1704610200,0.0,4.98,2244,99882,2247,0,0
1704610800,0.0,4.88,2244,99881,2249,0,0
1704611400,0.0,4.89,2244,99881,2248,0,0
1704612000,0.0,4.82,2244,99880,2249,0,0
1704612600,0.0,4.85,2244,99879,2249,0,0
1704613200,0.0,4.9,2245,99878,2246,0,0
1704613800,0.0,4.88,2245,99878,2247,0,0
1704614400,0.0,4.78,2245,99877,2249,0,0
1704615000,0.0,4.83,2245,99877,2247,0,0
1704615600,0.0,4.88,2245,99876,2246,0,0
1704616200,0.0,4.68,2245,99876,2251,0,0
1704616800,0.0,4.68,2245,99874,2250,0,0
1704617400,0.0,5.16,2245,99875,2242,0,0
1704618000,0.0,5.32,2245,99876,2239,0,0
1704618600,0.0,5.28,2245,99877,2241,0,0
1704619200,0.0,5.37,2244,99879,2237,0,0
1704619800,0.0,5.4,2244,99882,2234,0,0
1704620400,0.0,5.46,2243,99886,2234,0,0
1704621000,0.0,5.35,2242,99888,2236,0,0
1704621600,0.0,5.46,2242,99891,2233,0,0
1704622200,0.0,5.38,2241,99893,2235,0,0
1704622800,0.0,5.25,2241,99895,2237,0,0
1704623400,0.0,5.24,2241,99895,2237,0,0
1704624000,0.0,5.2,2241,99896,2239,0,0
1704624600,0.0,5.27,2241,99896,2237,0,0
1704625200,0.0,5.26,2241,99897,2237,0,0
1704625800,0.0,5.27,2241,99897,2235,0,0
1704626400,0.0,5.16,2241,99898,2236,0,0
1704627000,0.0,5.01,2240,99899,2240,0,0
1704627600,0.0,4.89,2240,99899,2242,0,0
1704628200,0.0,4.96,2240,99899,2240,0,0
1704628800,0.0,5.12,2240,99899,2237,0,0
1704629400,0.0,5.34,2240,99900,2231,0,0
1704630000,0.0,5.09,2240,99901,2237,0,0
1704630600,0.0,5.13,2240,99902,2236,0,0
1704631200,0.0,5.01,2240,99902,2240,0,0
1704631800,0.0,5.06,2240,99902,2237,0,0
1704632400,0.0,5.08,2240,99902,2237,0,0
1704633000,0.0,5.0,2240,99903,2240,0,0
1704633600,0.0,4.82,2240,99902,2244,0,0
1704634200,0.0,4.53,2240,99896,2253,0,0
1704634800,0.0,4.77,2242,99889,2252,0,0
1704635400,0.0,4.79,2243,99887,2250,0,0
1704636000,0.0,4.75,2243,99885,2252,0,0
1704636600,0.0,4.69,2244,99881,2253,0,0
1704637200,0.0,4.83,2244,99879,2248,0,0
1704637800,0.0,4.89,2244,99879,2246,0,0
1704638400,0.0,4.88,2244,99879,2247,0,0
1704639000,0.0,4.87,2245,99878,2248,0,0
1704639600,0.0,4.76,2245,99877,2249,0,0
1704640200,0.0,4.83,2245,99876,2247,0,0
1704640800,0.0,4.92,2245,99876,2244,0,0
1704641400,0.0,5.22,2244,99879,2233,0,0
1704642000,0.0,5.39,2243,99884,2229,0,0
1704642600,0.0,5.52,2240,99894,2226,0,0
1704643200,0.0,5.37,2240,99899,2230,0,0
1704643800,0.0,5.55,2239,99902,2228,0,0
1704644400,0.0,5.3,2239,99905,2234,0,0
1704645000,0.0,5.3,2239,99906,2235,0,0
1704645600,0.0,5.45,2238,99908,2231,0,0
1704646200,0.0,5.8,2237,99911,2224,0,0
1704646800,0.0,5.75,2236,99917,2226,0,0
1704647400,0.0,5.64,2235,99923,2232,0,0
1704648000,0.0,5.51,2235,99923,2236,0,0
1704648600,0.0,5.58,2235,99923,2236,0,0
1704649200,0.0,5.56,2235,99922,2236,0,0
1704649800,0.0,5.52,2235,99921,2239,0,0
1704650400,0.0,5.6,2235,99921,2239,0,0
1704651000,0.0,5.67,2235,99920,2237,0,0
1704651600,0.0,5.59,2236,99920,2239,0,0
1704652200,0.0,5.62,2236,99919,2238,0,0
1704652800,0.0,5.55,2236,99919,2241,0,0
1704653400,0.0,5.39,2236,99916,2243,0,0
1704654000,0.0,5.36,2236,99914,2245,0,0
1704654600,0.0,5.45,2237,99913,2242,0,0
1704655200,0.0,5.43,2237,99912,2243,0,0
1704655800,0.0,5.35,2237,99911,2245,0,0
1704656400,0.0,5.27,2237,99909,2247,0,0
1704657000,0.0,5.22,2237,99907,2248,0,0
1704657600,0.0,5.24,2237,99906,2248,0,0
1704658200,0.0,5.15,2238,99904,2250,0,0
1704658800,0.0,5.4,2238,99902,2245,0,0
1704659400,0.0,5.42,2239,99902,2245,0,0
1704660000,0.0,5.6,2239,99901,2241,0,0
1704660600,0.0,5.55,2239,99901,2242,0,0
1704661200,0.0,5.68,2239,99900,2239,0,0
1704661800,0.0,5.58,2239,99900,2241,0,0
1704662400,0.0,5.54,2239,99900,2241,0,0
1704663000,0.0,5.43,2239,99899,2244,0,0
1704663600,0.0,5.69,2239,99899,2236,0,0
1704664200,0.0,5.68,2239,99900,2236,0,0
1704664800,0.0,5.56,2239,99900,2239,0,0
1704665400,0.0,5.88,2238,99901,2233,0,0
1704666000,0.0,6.28,2237,99907,2223,0,0
1704666600,0.0,6.41,2236,99911,2223,0,0
1704667200,0.0,6.41,2233,99933,2217,0,0
1704667800,0.0,6.41,2232,99939,2218,0,0
1704668400,0.0,6.59,2230,99944,2216,0,0
1704669000,0.0,6.47,2230,99951,2221,0,0
1704669600,0.0,6.48,2229,99955,2218,0,0
1704670200,0.0,6.89,2227,99963,2211,0,0
1704670800,0.0,6.82,2225,99974,2213,0,0
1704671400,0.0,6.59,2224,99982,2217,0,0
1704672000,0.0,6.43,2224,99983,2221,0,0
1704672600,0.0,6.64,2224,99984,2218,0,0
1704673200,0.0,6.94,2222,99991,2213,0,0
1704673800,0.0,7.1,2222,99995,2213,0,0
1704674400,0.0,7.35,2219,100013,2208,0,0
1704675000,0.0,7.59,2217,100025,2198,0,0
1704675600,0.0,7.88,2214,100038,2194,0,0
1704676200,0.0,7.83,2213,100051,2200,0,0
1704676800,0.0,7.84,2212,100058,2202,0,0
1704677400,0.0,7.8,2211,100063,2206,0,0
1704678000,0.0,7.71,2211,100066,2207,0,0
1704678600,0.0,7.62,2210,100068,2207,0,0
1704679200,0.0,7.75,2210,100069,2203,0,0
1704679800,0.0,7.73,2210,100071,2206,0,0
1704680400,0.0,8.06,2208,100080,2198,0,0
1704681000,0.0,7.93,2208,100086,2199,0,0
1704681600,0.0,8.36,2206,100096,2194,0,0
1704682200,0.0,8.5,2205,100104,2191,0,0
1704682800,0.0,8.85,2201,100128,2183,0,0
1704683400,0.0,8.9,2200,100139,2183,0,0
1704684000,0.0,8.97,2198,100152,2181,0,0
1704684600,0.0,9.14,2195,100180,2175,0,0
1704685200,0.0,8.82,2194,100193,2183,0,0
1704685800,0.0,8.39,2193,100200,2190,0,0
1704686400,0.0,8.4,2193,100201,2190,0,0
1704687000,0.0,8.33,2193,100202,2192,0,0
1704687600,0.0,8.3,2193,100202,2191,0,0
1704688200,0.0,8.16,2193,100203,2193,0,0
1704688800,0.0,8.04,2193,100203,2196,0,0
1704689400,0.0,8.01,2193,100202,2197,0,0
1704690000,0.0,8.02,2193,100202,2196,0,0
1704690600,0.0,8.03,2193,100201,2196,0,0
1704691200,0.0,7.96,2193,100201,2197,0,0
1704691800,0.0,8.28,2193,100201,2190,0,0
1704692400,0.0,8.24,2193,100202,2191,0,0
1704693000,0.0,8.06,2193,100202,2196,0,0
1704693600,0.0,8.06,2193,100201,2196,0,0
1704694200,0.0,8.12,2193,100201,2196,0,0
1704694800,0.0,7.97,2193,100199,2200,0,0
1704695400,0.0,7.21,2196,100165,2222,0,0
1704696000,0.0,7.24,2198,100148,2217,0,0
1704696600,0.0,7.38,2200,100137,2216,0,0
1704697200,0.0,7.48,2201,100133,2213,0,0
1704697800,0.0,7.01,2201,100122,2221,0,0
1704698400,0.0,6.81,2203,100110,2227,0,0
1704699000,0.0,6.92,2204,100103,2225,0,0
1704699600,0.0,7.27,2205,100099,2215,0,0
1704700200,0.0,6.94,2206,100091,2222,0,0
1704700800,0.0,6.9,2206,100085,2224,0,0
1704701400,0.0,6.9,2207,100080,2223,0,0
1704702000,0.0,6.58,2208,100070,2230,0,0
1704702600,0.0,6.65,2210,100059,2231,0,0
1704703200,0.0,6.82,2211,100054,2226,0,0
1704703800,0.0,6.84,2211,100049,2225,0,0
1704704400,0.0,7.01,2212,100047,2221,0,0
1704705000,0.0,7.04,2213,100044,2221,0,0
1704705600,0.0,6.95,2213,100041,2224,0,0
1704706200,0.0,6.94,2213,100039,2223,0,0
1704706800,0.0,7.11,2213,100038,2218,0,0
1704707400,0.0,7.18,2214,100036,2216,0,0
1704708000,0.0,7.51,2213,100038,2211,0,0
1704708600,0.0,7.5,2213,100040,2213,0,0
1704709200,0.0,7.25,2213,100039,2218,0,0
1704709800,0.0,6.93,2214,100032,2226,0,0
1704710400,0.0,6.95,2214,100029,2223,0,0
1704711000,0.0,6.76,2214,100024,2227,0,0
1704711600,0.0,6.7,2215,100020,2226,0,0
1704712200,0.0,6.8,2216,100017,2225,0,0
1704712800,0.0,6.85,2216,100013,2223,0,0
1704713400,0.0,6.78,2217,100009,2227,0,0
1704714000,0.0,6.86,2217,100007,2226,0,0
1704714600,0.0,6.7,2217,100003,2230,0,0
1704715200,0.0,6.49,2219,99986,2240,0,0
1704715800,0.0,5.8,2225,99934,2258,0,0
1704716400,0.0,5.97,2233,99891,2256,0,0
1704717000,0.0,6.08,2237,99867,2247,0,0
1704717600,0.0,5.93,2239,99854,2253,0,0
1704718200,0.0,6.06,2241,99843,2255,0,0
1704718800,0.0,5.62,2242,99826,2265,0,0
1704719400,0.0,5.7,2245,99810,2261,0,0
1704720000,0.0,5.72,2248,99797,2262,0,0
1704720600,0.0,5.41,2249,99781,2271,0,0
1704721200,0.0,5.62,2252,99769,2268,0,0
1704721800,0.0,6.0,2254,99763,2260,0,0
1704722400,0.0,5.7,2254,99757,2265,0,0
1704723000,0.0,5.9,2255,99752,2259,0,0
1704723600,0.0,5.82,2256,99749,2261,0,0
1704724200,0.0,5.57,2256,99746,2267,0,0
1704724800,0.0,5.6,2257,99739,2266,0,0
1704725400,0.0,5.88,2258,99737,2259,0,0
1704726000,0.0,5.85,2258,99736,2261,0,0
1704726600,0.0,5.91,2258,99736,2262,0,0
1704727200,0.0,5.96,2258,99734,2260,0,0
1704727800,0.0,5.96,2258,99734,2261,0,0
1704728400,0.0,5.63,2259,99729,2267,0,0
1704729000,0.0,5.35,2261,99711,2269,0,0
1704729600,0.0,5.39,2263,99705,2269,0,0
1704730200,0.0,5.2,2264,99695,2276,0,0
1704730800,0.0,5.63,2265,99693,2268,0,0
1704731400,0.0,5.58,2265,99691,2269,0,0
1704732000,0.0,5.88,2265,99691,2262,0,0
1704732600,0.0,5.92,2265,99693,2260,0,0
1704733200,0.0,5.79,2265,99694,2263,0,0
1704733800,0.0,5.94,2265,99694,2262,0,0
1704734400,0.0,5.79,2265,99694,2266,0,0
1704735000,0.0,5.5,2265,99691,2271,0,0
1704735600,0.0,5.16,2266,99685,2274,0,0
1704736200,0.0,4.81,2268,99670,2290,0,0
1704736800,0.0,4.17,2273,99627,2306,0,0
1704737400,0.0,3.81,2284,99569,2310,0,0
1704738000,0.0,3.77,2290,99544,2313,0,0
1704738600,0.0,3.43,2294,99522,2320,0,0
1704739200,0.0,2.91,2302,99481,2333,0,0
1704739800,0.0,2.82,2312,99448,2332,0,0
1704740400,0.0,3.01,2318,99432,2335,0,0
1704741000,0.0,3.33,2321,99426,2327,0,0
1704741600,0.0,2.62,2326,99403,2340,0,0
1704742200,0.0,2.35,2331,99386,2344,0,0
1704742800,0.0,2.08,2339,99365,2348,0,0
1704743400,0.0,1.81,2341,99356,2353,0,0
1704744000,0.0,1.59,2345,99347,2354,0,0
1704744600,0.0,1.72,2347,99343,2349,0,0
1704745200,0.0,1.8,2348,99342,2349,0,0
1704745800,0.0,1.83,2348,99342,2348,0,0
1704746400,0.0,1.74,2348,99341,2351,0,0
1704747000,0.0,2.12,2347,99343,2340,0,0
1704747600,0.0,2.3,2345,99346,2336,0,0
1704748200,0.0,2.4,2343,99350,2336,0,0
1704748800,0.0,2.38,2341,99353,2337,0,0
1704749400,0.0,2.39,2341,99354,2336,0,0
1704750000,0.0,2.08,2341,99354,2344,0,0
1704750600,0.0,2.25,2341,99353,2340,0,0
1704751200,0.0,2.29,2341,99354,2337,0,0
1704751800,0.0,2.15,2340,99357,2337,0,0
1704752400,0.0,2.01,2340,99357,2340,0,0
1704753000,0.0,2.18,2339,99357,2337,0,0
1704753600,0.0,2.29,2339,99358,2335,0,0
1704754200,0.0,2.3,2339,99358,2335,0,0
1704754800,0.0,2.24,2339,99358,2337,0,0
1704755400,0.0,2.25,2338,99362,2335,0,0
1704756000,0.0,2.46,2337,99363,2331,0,0
1704756600,0.0,2.52,2336,99365,2329,0,0
1704757200,0.0,2.6,2335,99367,2329,0,0
1704757800,0.0,2.49,2334,99369,2331,0,0
1704758400,0.0,2.57,2334,99369,2330,0,0
1704759000,0.0,2.55,2333,99371,2331,0,0
1704759600,0.0,2.51,2333,99371,2330,0,0
1704760200,0.0,2.77,2330,99376,2321,0,0
1704760800,0.0,3.8,2320,99396,2293,0,0
1704761400,0.0,3.66,2315,99414,2296,0,0
1704762000,0.0,3.38,2314,99423,2306,0,0
1704762600,0.0,3.35,2313,99425,2310,0,0
1704763200,0.0,3.31,2313,99426,2311,0,0
1704763800,0.0,3.72,2311,99429,2302,0,0
1704764400,0.0,3.74,2310,99434,2303,0,0
1704765000,0.0,3.44,2309,99440,2306,0,0
1704765600,0.0,3.32,2309,99440,2309,0,0
1704766200,0.0,3.4,2309,99440,2307,0,0
1704766800,0.0,3.25,2309,99440,2311,0,0
1704767400,0.0,3.25,2309,99439,2312,0,0
1704768000,0.0,3.19,2309,99438,2315,0,0
1704768600,0.0,3.27,2310,99437,2313,0,0
1704769200,0.0,3.3,2310,99436,2312,0,0
1704769800,0.0,3.51,2310,99436,2309,0,0
1704770400,0.0,3.45,2310,99436,2312,0,0
1704771000,0.0,3.39,2310,99436,2313,0,0
1704771600,0.0,3.48,2310,99436,2312,0,0
1704772200,0.0,3.59,2310,99435,2310,0,0
1704772800,0.0,3.66,2310,99435,2309,0,0
1704773400,0.0,3.73,2310,99436,2308,0,0
1704774000,0.0,4.04,2309,99437,2300,0,0
1704774600,0.0,3.85,2309,99439,2305,0,0
1704775200,0.0,3.65,2309,99439,2309,0,0
1704775800,0.0,3.53,2309,99438,2314,0,0
1704776400,0.0,3.44,2309,99437,2315,0,0
1704777000,0.0,3.53,2310,99436,2311,0,0
1704777600,0.0,3.5,2310,99435,2311,0,0
1704778200,0.0,3.6,2310,99435,2309,0,0
1704778800,0.0,3.66,2310,99436,2308,0,0
1704779400,0.0,3.68,2309,99437,2305,0,0
1704780000,0.0,3.61,2309,99438,2308,0,0
1704780600,0.0,3.71,2309,99439,2308,0,0
1704781200,0.0,3.93,2308,99439,2303,0,0
1704781800,0.0,3.91,2308,99440,2303,0,0
1704782400,0.0,3.99,2308,99441,2301,0,0
1704783000,0.0,4.04,2307,99443,2301,0,0
1704783600,0.0,4.01,2307,99444,2302,0,0
1704784200,0.0,4.04,2307,99446,2300,0,0
1704784800,0.0,3.83,2306,99447,2306,0,0
1704785400,0.0,3.73,2306,99447,2309,0,0
1704786000,0.0,3.76,2306,99447,2307,0,0
1704786600,0.0,3.76,2306,99447,2308,0,0
1704787200,0.0,3.78,2306,99447,2306,0,0
1704787800,0.0,3.89,2306,99448,2301,0,0
1704788400,0.0,3.67,2306,99449,2307,0,0
1704789000,0.0,3.61,2306,99448,2307,0,0
1704789600,0.0,3.76,2306,99449,2302,0,0
1704790200,0.0,3.93,2305,99452,2298,0,0
1704790800,0.0,4.32,2303,99456,2291,0,0
1704791400,0.0,4.31,2302,99460,2294,0,0
1704792000,0.0,4.4,2301,99463,2292,0,0
1704792600,0.0,4.47,2299,99469,2292,0,0
1704793200,0.0,4.35,2299,99472,2295,0,0
1704793800,0.0,4.58,2298,99476,2289,0,0
1704794400,0.0,4.51,2297,99478,2291,0,0
1704795000,0.0,4.37,2297,99479,2296,0,0
1704795600,0.0,4.34,2297,99479,2298,0,0
1704796200,0.0,4.25,2297,99479,2298,0,0
1704796800,0.0,4.26,2297,99479,2297,0,0
1704797400,0.0,4.51,2297,99479,2291,0,0
1704798000,0.0,4.63,2296,99481,2292,0,0
1704798600,0.0,4.44,2296,99481,2296,0,0
